date,rain,flow,observed,pred_mean,pred_lo90,pred_hi90,prob_under_limit,is_observed,bacteria
2020-06-01,0,5.86,NA,12.901473761980828,2.0192644327909535,85.90349327380305,0.99725,FALSE,entero
2020-06-02,0,5.59,NA,13.499705155572558,2.2025126733015052,86.24802218471012,0.99575,FALSE,entero
2020-06-03,0,5.43,2,14.29565528068008,2.4185470235285553,85.93321696403417,0.99625,TRUE,entero
2020-06-04,4.7,5.33,NA,20.95340271948812,3.5367884337272866,132.34679884872438,0.99175,FALSE,entero
2020-06-05,8,5.67,NA,37.44454914838458,6.219661438737687,242.47019548109853,0.97775,FALSE,entero
2020-06-06,2.6,6.99,NA,49.76646757562778,8.66513946856654,301.7615599267828,0.964,FALSE,entero
2020-06-07,0,8.59,NA,53.77285832452288,8.874199461020725,327.2245340212086,0.9675,FALSE,entero
2020-06-08,1.2,8.15,NA,52.86612586705268,8.856294942215447,312.2579584286113,0.96775,FALSE,entero
2020-06-09,0,8.63,NA,55.33542498491229,8.807141491322898,337.6834396336617,0.9625,FALSE,entero
2020-06-10,0,8.82,NA,57.784876794420335,9.343058660802166,338.9456811980341,0.9645,FALSE,entero
2020-06-11,0,8.03,NA,55.00250984521138,9.200904925235516,319.564608883755,0.9675,FALSE,entero
2020-06-12,0,6.9,NA,52.552646534764484,9.046727668920475,300.2123980865009,0.96825,FALSE,entero
2020-06-13,0,6.07,NA,48.36744618158209,7.840159499609044,284.36688948080877,0.9705,FALSE,entero
2020-06-14,0,5.44,NA,46.18625692310429,7.728939502528279,270.1091260203634,0.9765,FALSE,entero
2020-06-15,0,4.96,NA,45.70086522210267,7.7420430298144325,277.91154424937764,0.97425,FALSE,entero
2020-06-16,0.5,4.79,NA,48.99424141426649,8.265072628781764,298.340844843078,0.96825,FALSE,entero
2020-06-17,25,4.75,NA,260.68718393421784,41.20926970542213,1817.5478026493554,0.659,FALSE,entero
2020-06-18,0,5.85,NA,200.98150377313013,34.10283177945813,1320.2895139260474,0.7485,FALSE,entero
2020-06-19,0,5.89,NA,157.63411440392426,27.9964228140452,901.5478199709743,0.823,FALSE,entero
2020-06-20,0,5.58,NA,124.48283108138182,20.976720679218502,737.7227725725293,0.8695,FALSE,entero
2020-06-21,0,5.19,NA,101.43280223738493,17.437639364127854,587.0376159255893,0.9035,FALSE,entero
2020-06-22,0,4.75,NA,88.208361178544,14.299929124129626,519.3447336607662,0.919,FALSE,entero
2020-06-23,0,4.4,40,75.353174410749,13.252923187427383,453.32110824076733,0.9395,TRUE,entero
2020-06-24,0,4.15,NA,72.73646589022903,11.49522150835564,425.45888707947574,0.945,FALSE,entero
2020-06-25,0,4.24,NA,69.14947765519317,11.132929286197038,420.8193650681915,0.94525,FALSE,entero
2020-06-26,0,3.99,NA,63.73547026647751,9.583226622062318,373.5134968983739,0.95475,FALSE,entero
2020-06-27,0,3.51,NA,57.34292538305743,10.264378614961265,339.75573481223205,0.96075,FALSE,entero
2020-06-28,0,3.22,NA,51.415333302160654,8.595080908483164,275.86970839879945,0.975,FALSE,entero
2020-06-29,9.9,3.01,NA,88.37535100036703,14.597565565645013,536.2027895945345,0.9185,FALSE,entero
2020-06-30,26.3,5.62,NA,679.2301770753329,97.28747009654359,4780.167045225432,0.323,FALSE,entero
2020-07-01,1.4,12.1,NA,774.5513591714318,128.8053952306009,4825.972703062208,0.26025,FALSE,entero
2020-07-02,1.4,14.54,NA,622.2214791057945,103.15238041917617,3782.3333916215374,0.324,FALSE,entero
2020-07-03,0,11.18,NA,338.1820124654339,59.03380461837473,2025.090532982303,0.56,FALSE,entero
2020-07-04,10.5,10.02,NA,438.5276340761726,75.17485744295554,2566.3222475117673,0.4685,FALSE,entero
2020-07-05,11.1,13.46,NA,800.961974059473,126.00558528092047,4647.409732302428,0.2385,FALSE,entero
2020-07-06,0.3,22.7,NA,743.4077040194197,119.18280587542739,4509.849115541552,0.271,FALSE,entero
2020-07-07,3.2,21.06,NA,612.4340404335038,110.93670940788218,3562.1983059656864,0.33475,FALSE,entero
2020-07-08,1.3,17.29,NA,396.0169146127696,65.40452800497258,2326.0105949549966,0.493,FALSE,entero
2020-07-09,0.4,15.22,NA,278.1062744991892,47.4416024018525,1764.9618604783989,0.65,FALSE,entero
2020-07-10,7.7,13.8,NA,324.91344625405634,55.61021222413993,1871.260801998416,0.5935,FALSE,entero
2020-07-11,5.7,16.67,NA,414.93173095585587,73.18261888357951,2419.826225678501,0.4965,FALSE,entero
2020-07-12,0,31.28,NA,510.3260936382261,80.5771286092327,3054.4678997909127,0.39675,FALSE,entero
2020-07-13,18.6,25.95,1900,1138.6689773431106,177.30788408490793,6875.855919020952,0.15925,TRUE,entero
2020-07-14,0,25.16,NA,652.1277113816908,106.02353282941971,3749.1728397571633,0.3185,FALSE,entero
2020-07-15,0,21.01,500,391.32586713632656,67.81142205160563,2412.1470029335105,0.51375,TRUE,entero
2020-07-16,0,18.12,NA,262.6882829285496,43.44810829228906,1627.5539006610818,0.66375,FALSE,entero
2020-07-17,0,16.62,NA,199.74660611950338,35.53395570300463,1216.8818662408996,0.75025,FALSE,entero
2020-07-18,0,14.98,NA,156.68559694541284,26.745955996642408,943.7577545545777,0.81675,FALSE,entero
2020-07-19,0,13.15,NA,123.46101995710528,20.039701855317258,724.0222544784108,0.86025,FALSE,entero
2020-07-20,0,11.76,330,105.41178927696681,16.526624034265264,611.7462045970517,0.899,TRUE,entero
2020-07-21,0,10.45,NA,89.82534595449488,14.705528686028,557.8919581547515,0.91575,FALSE,entero
2020-07-22,0,9.38,NA,83.73155776737465,13.625637210976919,491.9178132902742,0.92825,FALSE,entero
2020-07-23,1.7,8.14,NA,77.16013427008451,13.829053847766907,447.3367881098627,0.94075,FALSE,entero
2020-07-24,3.7,7.39,NA,86.58409642202072,14.804714481318216,500.17127560273855,0.91975,FALSE,entero
2020-07-25,1.5,7.67,NA,86.78674572517926,14.703637320439476,551.3664336534133,0.92425,FALSE,entero
2020-07-26,0,7.83,NA,83.74545845246693,13.386459981276655,518.6780017714625,0.92225,FALSE,entero
2020-07-27,7.9,7.72,NA,136.73092339165302,22.55945948184341,801.1250447055378,0.849,FALSE,entero
2020-07-28,7.4,8.15,NA,180.12680326109898,29.93383677374396,1092.1440278900077,0.78475,FALSE,entero
2020-07-29,15,8.95,NA,392.89283585412164,65.69290849287952,2343.047855505696,0.51,FALSE,entero
2020-07-30,0,11.96,NA,338.31240135368813,58.85203386620166,2036.639175700394,0.56675,FALSE,entero
2020-07-31,0,14.36,NA,286.87662885034837,48.428156257373765,1642.1079520394708,0.6265,FALSE,entero
2020-08-01,0,12.84,NA,216.57055202274125,36.54175514315963,1260.4440006401785,0.7275,FALSE,entero
2020-08-02,1,11.43,NA,170.69975603417484,29.2613403104562,1012.3173380052283,0.796,FALSE,entero
2020-08-03,8.3,10.95,120,250.19729490112087,40.791665766126115,1401.3806453792874,0.67725,TRUE,entero
2020-08-04,0.3,11.07,NA,207.18782388250304,36.499013109004665,1175.8363878990044,0.747,FALSE,entero
2020-08-05,0.1,10.56,NA,164.38030184251056,25.91956760307649,956.9097835343845,0.81275,FALSE,entero
2020-08-06,0,9.62,NA,134.42049545371995,23.382517884323583,807.5103722441842,0.8545,FALSE,entero
2020-08-07,0,8.71,NA,113.04404788603267,18.97295142224471,674.2898733975915,0.88675,FALSE,entero
2020-08-08,0,7.62,NA,96.38785015804707,15.651884671211135,569.2512451231535,0.90725,FALSE,entero
2020-08-09,0,6.57,NA,77.17071504185702,12.480152932917166,460.67762275670015,0.9365,FALSE,entero
2020-08-10,0,6.12,NA,68.78850071287081,11.46287993656136,406.7082823332221,0.9485,FALSE,entero
2020-08-11,0,5.74,NA,61.64980406057287,10.391439895283451,354.41019066588,0.95875,FALSE,entero
2020-08-12,4.7,5.4,NA,74.45658367734617,12.30647581706761,431.2684617941948,0.94275,FALSE,entero
2020-08-13,0,6.13,NA,74.23830123616646,11.62289475154603,467.0778341896008,0.93575,FALSE,entero
2020-08-14,0,5.43,NA,60.651958448017396,9.74310820819955,351.4230984880958,0.96125,FALSE,entero
2020-08-15,0,5.06,NA,53.12958877953059,9.146543832587003,330.26618101370497,0.9665,FALSE,entero
2020-08-16,0,4.77,NA,43.09482041481234,7.118132833083071,261.8045588870326,0.977,FALSE,entero
2020-08-17,0,4.49,NA,38.25219152865976,6.185921387677864,226.52782850517661,0.9825,FALSE,entero
2020-08-18,0,4.28,NA,33.727617228906986,5.420756688383735,205.1488699379629,0.9825,FALSE,entero
2020-08-19,0,4.12,NA,30.520302167128897,4.894081391017269,180.64445742811884,0.98825,FALSE,entero
2020-08-20,0,3.99,NA,28.117817842292265,4.405053744398473,174.84108327342997,0.9855,FALSE,entero
2020-08-21,1.9,3.93,NA,29.096821981152356,4.9418653314018375,171.07033070672176,0.9905,FALSE,entero
2020-08-22,13.8,4.23,NA,65.34026474600726,10.520143380790245,417.4452639784285,0.946,FALSE,entero
2020-08-23,20.5,8,NA,303.67935814728366,44.00746251573335,2018.3721709279296,0.598,FALSE,entero
2020-08-24,8,8.75,1900,286.3216846308009,43.94167575189238,2033.021689620342,0.62125,TRUE,entero
2020-08-25,0.3,8.54,NA,154.15618746022813,24.267923363889977,1041.5016605085204,0.81,FALSE,entero
2020-08-26,0.8,7.74,NA,90.81968420078518,15.517626644500872,551.347078231286,0.91575,FALSE,entero
2020-08-27,0,6.7,61,54.5330797700175,8.764867990749252,347.2518572590373,0.96075,TRUE,entero
2020-08-28,0,6.04,NA,37.53115574431301,6.043152070351294,238.9314474592591,0.97975,FALSE,entero
2020-08-29,12.2,5.42,NA,57.098133906176905,8.830862243169866,380.73873282190306,0.95425,FALSE,entero
2020-08-30,2.9,7.69,NA,60.825640199160645,9.199636069313982,418.91378543166354,0.947,FALSE,entero
2020-08-31,1,10.15,NA,60.243129558741835,9.143225701109365,422.053590285541,0.9455,FALSE,entero
2021-06-01,0,19.09,20,42.03369798484631,6.242995216591323,285.9298799034391,0.97025,TRUE,entero
2021-06-02,0,16.04,NA,37.28012097027979,6.336422711670019,241.6473672715359,0.978,FALSE,entero
2021-06-03,0,14.29,NA,32.61984104886209,5.230789693759103,201.4292359343245,0.98325,FALSE,entero
2021-06-04,0,13.09,NA,33.986297326260846,5.5684663959789304,216.2303842040371,0.983,FALSE,entero
2021-06-05,0,11.07,NA,31.25678570628193,4.863332715106025,190.7979037056644,0.98425,FALSE,entero
2021-06-06,13.1,10.2,NA,70.31310714949936,11.834990618660667,403.3131930476931,0.949,FALSE,entero
2021-06-07,0.2,9.76,NA,59.70717476524748,10.24134274915409,355.5591462432201,0.95925,FALSE,entero
2021-06-08,0,9.11,NA,52.748369289610046,9.031823849249845,304.5609168490268,0.96825,FALSE,entero
2021-06-09,0,8.56,NA,48.64802408003044,8.61599992042786,289.2186924993517,0.96825,FALSE,entero
2021-06-10,0,8.13,NA,48.79132479060917,8.721199662339808,276.2721600760166,0.97275,FALSE,entero
2021-06-11,0,7.42,NA,45.97803443764391,7.2472993980959695,278.9316932495554,0.9725,FALSE,entero
2021-06-12,5,6.87,NA,60.663134331052376,10.355987177801444,340.00253517356475,0.9645,FALSE,entero
2021-06-13,0.2,8.13,NA,70.17279671432196,12.178927659270505,419.7545216821894,0.94375,FALSE,entero
2021-06-14,0.5,8.18,NA,72.83356209922425,12.736326209397594,406.8891420926267,0.9475,FALSE,entero
2021-06-15,0,8.18,340,75.1897354766014,12.548720879364293,428.6514030871556,0.942,TRUE,entero
2021-06-16,0,6.66,NA,65.20184699905553,11.1937863786057,359.4302151353758,0.957,FALSE,entero
2021-06-17,0,6.11,NA,61.186598207132654,10.909473667391932,350.6741095913447,0.9585,FALSE,entero
2021-06-18,0,5.78,NA,59.61602158436022,10.254515105762577,340.01450119157687,0.96125,FALSE,entero
2021-06-19,0,5.4,NA,59.97073392611349,10.318691876793768,360.3226887262703,0.95975,FALSE,entero
2021-06-20,0,5.29,NA,62.54741465470373,10.601741001615006,376.63545959901546,0.955,FALSE,entero
2021-06-21,0,4.85,90,59.778279145145675,9.501986196051394,351.06870770085976,0.961,TRUE,entero
2021-06-22,0,4.75,NA,60.24620807483963,10.251210796579269,344.2738748702143,0.96125,FALSE,entero
2021-06-23,11.7,4.85,NA,134.6679288780229,22.689708412967967,794.6080910999275,0.84975,FALSE,entero
2021-06-24,0,5.4,720,124.38746758735917,21.115438515503456,745.3153347577652,0.8715,TRUE,entero
2021-06-25,0,5.62,NA,111.99373546561485,19.597656850273673,629.512011021734,0.89225,FALSE,entero
2021-06-26,0,5.29,NA,95.59965192971443,15.514964169408428,543.8317280029909,0.91075,FALSE,entero
2021-06-27,0,6.6,NA,108.34342994646919,18.062389517230795,616.8942720501018,0.8955,FALSE,entero
2021-06-28,0,5.18,NA,82.45665687088379,14.545841933606217,474.452660843337,0.93425,FALSE,entero
2021-06-29,0,4.53,NA,69.49489736406728,11.24095828786035,383.8861168545034,0.9535,FALSE,entero
2021-06-30,8,4.31,210,109.8398775578464,19.30420502506361,616.4543362902149,0.89825,TRUE,entero
2021-07-01,0,3.86,NA,82.7973390734606,13.958436876779201,504.1043666288347,0.9285,FALSE,entero
2021-07-02,0,3.75,NA,69.99761727991898,11.36688469270068,399.89407434765985,0.95,FALSE,entero
2021-07-03,0,3.64,NA,62.805224583470554,10.875246755352624,357.1093378450215,0.95825,FALSE,entero
2021-07-04,0,3.43,NA,54.22249924903608,9.263366261211477,308.1820714239532,0.97,FALSE,entero
2021-07-05,0,3.22,NA,48.29451982217856,8.360773338486105,270.11303857338567,0.9715,FALSE,entero
2021-07-06,0.3,3.22,45,44.70415399454983,7.436131640504442,254.83323218245334,0.977,TRUE,entero
2021-07-07,1.4,3.22,NA,46.41699118454257,7.881591261130284,275.4351147766472,0.977,FALSE,entero
2021-07-08,1.1,3.22,NA,46.7513070341397,7.729641717111306,278.5880891603186,0.9725,FALSE,entero
2021-07-09,0,3.33,NA,43.55823379603859,7.170756898206645,248.63466169585848,0.9765,FALSE,entero
2021-07-10,0,3.22,NA,41.559940991495196,7.482416598949402,241.62644862865204,0.977,FALSE,entero
2021-07-11,0,3,NA,34.62396150735287,5.9907115487559395,192.7979207915883,0.9845,FALSE,entero
2021-07-12,0,2.95,NA,31.947329427287954,5.595538400439137,189.70862348308157,0.9875,FALSE,entero
2021-07-13,0,2.84,21,30.056194126715027,5.047080339991617,177.44300147528077,0.98375,TRUE,entero
2021-07-14,0,2.84,NA,27.960792475672953,4.726721248758282,176.54226810120028,0.9855,FALSE,entero
2021-07-15,0,2.73,NA,26.302723894657078,4.5112795218225985,160.86621849742642,0.988,FALSE,entero
2021-07-16,0,2.73,NA,25.774515802563798,4.262971663296353,160.873976784161,0.99075,FALSE,entero
2021-07-17,0,2.73,NA,24.93270270164222,4.346760516789759,148.7678885381498,0.99225,FALSE,entero
2021-07-18,0.6,2.62,NA,24.914463110452264,4.212196748635408,146.2296501462686,0.9925,FALSE,entero
2021-07-19,0,2.62,NA,23.69981292966272,4.067075624609352,145.88869556727101,0.9925,FALSE,entero
2021-07-20,2.6,2.62,NA,27.779598011634654,4.95514787065304,170.57478744211488,0.98675,FALSE,entero
2021-07-21,0,2.62,NA,25.75986932345028,4.444741588932838,157.3669889033677,0.991,FALSE,entero
2021-07-22,0,2.62,NA,25.709542449501495,4.4197676873111424,149.38070201256136,0.99125,FALSE,entero
2021-07-23,0,2.62,NA,24.835836690268035,4.231963985303097,152.61329588239934,0.98875,FALSE,entero
2021-07-24,0,2.55,NA,24.12707562420356,3.948474397129944,147.86436435898617,0.992,FALSE,entero
2021-07-25,0,2.55,NA,23.54677934092087,3.631336433254045,146.7345755604693,0.99175,FALSE,entero
2021-07-26,0,2.51,NA,22.85728597660897,3.6026480904479596,135.14016018830333,0.99175,FALSE,entero
2021-07-27,17,2.51,19,68.08737054593149,10.788366347002027,455.1748416770766,0.94025,TRUE,entero
2021-07-28,11,3.11,NA,125.42888483742341,19.771931706949267,780.0664238576499,0.85125,FALSE,entero
2021-07-29,0,3.55,NA,93.70034900084535,16.11224276450435,564.0087424855768,0.91325,FALSE,entero
2021-07-30,10,3.87,100,142.96591775971984,23.134999688725333,918.2544048285488,0.832,TRUE,entero
2021-07-31,3.3,5.02,NA,154.75883551036463,26.115555507508322,958.4837289573316,0.82325,FALSE,entero
2021-08-01,0,5.18,NA,117.29796186753076,19.05090606309964,691.8008044719506,0.87325,FALSE,entero
2021-08-02,0.2,5.73,NA,101.79390763573525,18.70745595618302,573.4539778331784,0.9075,FALSE,entero
2021-08-03,0.2,4.58,NA,72.8948813267599,13.33606802289265,411.21512374147505,0.94775,FALSE,entero
2021-08-04,0,4.25,NA,61.67179087087117,10.052996937741598,358.6478587121685,0.9575,FALSE,entero
2021-08-05,0,3.87,NA,52.33871862916414,8.717043822064314,292.8822757256226,0.9695,FALSE,entero
2021-08-06,0,3.65,NA,47.50870176597477,8.40013183480207,287.6873181366741,0.9715,FALSE,entero
2021-08-07,13,3.65,NA,98.61764670872434,16.293250972330497,609.5185595688791,0.904,FALSE,entero
2021-08-08,4,4.25,NA,113.38053120584972,20.053683178504635,652.6964626122073,0.88625,FALSE,entero
2021-08-09,0.8,5.24,NA,111.08718186985286,18.720899789984824,641.9728549836233,0.894,FALSE,entero
2021-08-10,0,6.55,NA,107.62152187749497,17.661052338840598,639.7493808883245,0.897,FALSE,entero
2021-08-11,0,6,45,86.09153761946573,15.95043016989512,497.49536910647004,0.9315,TRUE,entero
2021-08-12,0,5.46,NA,70.16543032082333,11.284274351731915,400.0474565705585,0.95,FALSE,entero
2021-08-13,4.8,5.46,NA,85.34008940105747,14.150310202169234,516.6381125716409,0.9275,FALSE,entero
2021-08-14,5.2,6.71,NA,120.13468165035425,20.310153223703686,731.3443434906696,0.8735,FALSE,entero
2021-08-15,0.2,11.13,NA,149.4264829618613,25.36457563795065,905.6055240099938,0.82825,FALSE,entero
2021-08-16,14.5,14.73,NA,400.5601130237667,71.28161825952921,2242.6711376068793,0.5035,FALSE,entero
2021-08-17,7.9,13.96,NA,408.7430468915567,71.10783382190857,2468.4488922265673,0.49225,FALSE,entero
2021-08-18,12.4,21.49,880,841.6145918973797,142.8086559747585,5214.660542410583,0.24275,TRUE,entero
2021-08-19,12,39.82,NA,1759.2500104190956,281.8950943352466,11389.218304020691,0.092,FALSE,entero
2021-08-20,0,43.09,800,996.9373406721285,160.89297872520956,6114.168452645821,0.19225,TRUE,entero
2021-08-21,11.7,28.91,NA,929.1134148047684,155.73479154805764,5422.377994130222,0.203,FALSE,entero
2021-08-22,0,21.06,NA,381.75654996567715,61.81964492914237,2478.4281948689227,0.52225,FALSE,entero
2021-08-23,0,16.8,120,198.52988246802914,31.66781141870664,1125.7792334508301,0.7435,TRUE,entero
2021-08-24,9.6,13.69,NA,226.55001467673338,37.081005250654535,1432.5624376507383,0.7135,FALSE,entero
2021-08-25,30.5,19.42,NA,1364.9026653530238,190.46704543791793,10112.416254990672,0.1415,FALSE,entero
2021-08-26,5.4,88.37,NA,3080.44705652407,446.37468400794705,21797.43039922129,0.042,FALSE,entero
2021-08-27,0,87.28,NA,1421.0616372214554,202.83161369148152,10084.1421485611,0.13575,FALSE,entero
2021-08-28,0,57.6,NA,556.9780686407979,84.2985579905862,4009.554309664614,0.388,FALSE,entero
2021-08-29,0,43.31,NA,285.86520329485364,40.34681911217062,2013.3173220841331,0.6105,FALSE,entero
2021-08-30,0,32.18,NA,158.40952871735956,22.903732816912733,1078.0371984460676,0.79075,FALSE,entero
2021-08-31,0,23.89,NA,95.51856895629228,13.686249453219595,646.2079527639545,0.8925,FALSE,entero
2022-06-01,10.5,22.47,NA,116.9174108770668,18.422686755251508,750.7257404980822,0.86725,FALSE,entero
2022-06-02,14.2,30.55,300,306.18017301695926,45.15338256660763,1918.6738618936743,0.59925,TRUE,entero
2022-06-03,0,60.55,NA,393.96887237442365,59.712727366199594,2748.622818088671,0.51775,FALSE,entero
2022-06-04,0.4,51.82,NA,271.1783478390191,40.37371196736552,1856.1704577871665,0.6425,FALSE,entero
2022-06-05,0,37.42,NA,176.2396299355625,27.242988254593715,1167.5381849999198,0.77475,FALSE,entero
2022-06-06,0,28.04,NA,127.29205408095918,20.729308664447213,822.9774247579614,0.85,FALSE,entero
2022-06-07,2.3,22.15,NA,115.87364515463888,18.30551539117438,723.7675204062391,0.87775,FALSE,entero
2022-06-08,0,18.66,NA,97.59111880359416,15.707735638338088,623.5717943441927,0.9045,FALSE,entero
2022-06-09,0,16.15,NA,87.57782585943129,14.244711215505317,525.2727176795669,0.92075,FALSE,entero
2022-06-10,0,14.4,NA,80.97792655853296,13.278709638347989,484.3326599424965,0.932,FALSE,entero
2022-06-11,0,13.09,NA,80.65026974961849,12.910102870174212,487.9396902804669,0.92725,FALSE,entero
2022-06-12,0,11.62,NA,76.62529918139529,12.83605744567015,453.43751681673473,0.93875,FALSE,entero
2022-06-13,0,10.86,NA,78.55044358960477,13.038970572643544,482.20324852990655,0.934,FALSE,entero
2022-06-14,0.1,9.98,NA,80.33348161292146,13.057839818598735,466.87087379119833,0.93325,FALSE,entero
2022-06-15,0,9.33,NA,79.87076777250306,13.116534663593606,491.03591255562054,0.93175,FALSE,entero
2022-06-16,0,7.64,240,72.42048560029401,12.227229375948504,414.87987652713025,0.947,TRUE,entero
2022-06-17,0.1,7.09,NA,70.9830352095362,12.50105112633879,405.14824887404296,0.949,FALSE,entero
2022-06-18,9.7,7.42,NA,146.24477217298633,24.321076749208807,865.622644599453,0.833,FALSE,entero
2022-06-19,0,8.4,NA,149.03667445515455,24.443640012365986,875.6300916420619,0.825,FALSE,entero
2022-06-20,2.4,8.73,NA,162.66323504563843,27.6382508033569,959.507411602745,0.804,FALSE,entero
2022-06-21,0,8.4,510,147.3224732485851,24.638759236097023,846.1485341299226,0.8275,TRUE,entero
2022-06-22,0,7.42,NA,127.32746925983629,21.6042932663411,721.9963161261669,0.86575,FALSE,entero
2022-06-23,0,6.55,NA,104.25880031399866,17.795079042871027,590.7142117525922,0.90275,FALSE,entero
2022-06-24,0,6,NA,97.42425806922371,16.568400616848365,544.8654833031568,0.91575,FALSE,entero
2022-06-25,0,5.4,NA,86.45179211393213,14.171858856600403,502.0498713709168,0.93175,FALSE,entero
2022-06-26,0,4.96,NA,80.54309763277095,13.515890197740532,454.4689545153722,0.939,FALSE,entero
2022-06-27,0,4.85,190,78.83269935276488,13.14502650699628,472.46461316296956,0.94025,TRUE,entero
2022-06-28,0,4.64,NA,76.08022322703613,12.869833117267746,427.1325709006605,0.94575,FALSE,entero
2022-06-29,0,4.31,NA,69.13810748022387,11.907314925539126,419.8688087664333,0.945,FALSE,entero
2022-06-30,0,4.31,110,69.04157783573444,11.805932246195782,389.0551034613805,0.95175,TRUE,entero
2022-07-01,0,4.2,NA,68.5076546355004,11.355690849601336,406.1003978980926,0.94825,FALSE,entero
2022-07-02,0,3.98,NA,61.72096117895078,9.882862974457792,366.4074338682967,0.9555,FALSE,entero
2022-07-03,0,3.98,NA,61.1012965906758,10.447050197665142,335.52855811453503,0.9635,FALSE,entero
2022-07-04,0,3.87,34,56.7798241842174,9.122856416403131,334.95706351998655,0.96375,TRUE,entero
2022-07-05,0.1,3.87,NA,54.36366017066916,8.931453916892004,297.8948613679703,0.97325,FALSE,entero
2022-07-06,0,3.76,NA,52.76714541873145,9.507133900750025,305.1557762781282,0.96925,FALSE,entero
2022-07-07,0,4.42,NA,57.96301107240951,9.845407737260764,323.57169137371824,0.965,FALSE,entero
2022-07-08,0,3.98,NA,50.31239223580687,8.612240455821006,296.70939413128156,0.9715,FALSE,entero
2022-07-09,1.4,3.87,NA,52.13756973364304,9.022781325334272,285.6644526796336,0.971,FALSE,entero
2022-07-10,0,4.09,NA,51.82409868575,9.05226346445713,284.10407325012477,0.97325,FALSE,entero
2022-07-11,0,4.58,40,54.86879487433717,10.108642558132667,316.5110780304935,0.9695,TRUE,entero
2022-07-12,0.3,4.8,NA,54.360299106785135,9.63116745859314,310.123520037862,0.97,FALSE,entero
2022-07-13,16.9,4.58,NA,148.9496839271637,25.677342576696297,928.2101976830321,0.824,FALSE,entero
2022-07-14,3.6,6.55,NA,185.16775525121136,30.808902511133713,1110.5598495896481,0.77,FALSE,entero
2022-07-15,0,9.11,NA,174.94638402250698,32.91666488355286,1000.97230720187,0.7885,FALSE,entero
2022-07-16,0.9,9.11,NA,152.37323761416104,26.75362757593661,915.6107043347045,0.834,FALSE,entero
2022-07-17,7.6,7.96,NA,173.07837615011886,29.194112591554582,1067.6030186624512,0.79475,FALSE,entero
2022-07-18,0.2,6.87,NA,115.25036340766786,19.838932992142553,681.6321151619048,0.88275,FALSE,entero
2022-07-19,6.4,6.11,NA,133.03828268134694,22.240208485762437,811.3502876213047,0.84875,FALSE,entero
2022-07-20,0,5.56,NA,91.19293836403484,16.48813123090236,550.4596752054562,0.9155,FALSE,entero
2022-07-21,0,4.85,NA,68.0084887567469,11.63377945586526,403.0516749021559,0.94925,FALSE,entero
2022-07-22,1.2,4.42,NA,59.391483428127515,9.68820347043409,349.2087783419564,0.9595,FALSE,entero
2022-07-23,0,4.31,NA,51.926931332268836,8.771439333095486,289.138528812889,0.9695,FALSE,entero
2022-07-24,0.7,4.09,NA,47.84189425158066,7.67237521724919,263.3940887976726,0.97475,FALSE,entero
2022-07-25,0,4.09,NA,45.81823679732438,7.611276831519884,264.8251370284397,0.975,FALSE,entero
2022-07-26,3.7,4.09,80,55.500469595263695,9.471864692290227,312.57558991266603,0.9675,TRUE,entero
2022-07-27,0,4.15,NA,52.798920870422045,9.449525132207704,303.9506424681541,0.9695,FALSE,entero
2022-07-28,0.6,4.11,NA,49.72638089780045,8.625430902979366,271.7098967774085,0.97225,FALSE,entero
2022-07-29,0,4.08,NA,48.166294065618516,8.33840306140777,288.287292035596,0.9715,FALSE,entero
2022-07-30,1.4,3.97,NA,50.95560622124212,9.165243441968132,294.64762496819793,0.97175,FALSE,entero
2022-07-31,3.5,3.87,NA,58.66923220736086,10.518329983355597,328.99227991433014,0.96625,FALSE,entero
2022-08-01,0,4.04,NA,56.13517018838318,9.101950098995351,333.4608487028045,0.964,FALSE,entero
2022-08-02,0,3.87,NA,52.20539663536752,9.39498082385537,288.8829654799281,0.96975,FALSE,entero
2022-08-03,0,3.82,NA,49.55612103637887,8.583266134403699,312.13094861990834,0.96725,FALSE,entero
2022-08-04,0,3.33,NA,43.213326357937305,7.2653013738173025,252.30924477478018,0.98,FALSE,entero
2022-08-05,0.2,3.33,NA,42.74609729254378,6.924039201780935,255.05501881575435,0.97925,FALSE,entero
2022-08-06,2,3.55,NA,49.24021325055689,8.462204729533672,272.80737021711195,0.97325,FALSE,entero
2022-08-07,0,3.55,NA,46.03486645606655,7.776358712596315,275.7997588510586,0.97325,FALSE,entero
2022-08-08,25.6,3.55,NA,230.71738228713338,33.88394353182338,1517.5931390207152,0.68975,FALSE,entero
2022-08-09,0,3.55,NA,139.51343384369753,22.59070076577508,893.0475423801798,0.833,FALSE,entero
2022-08-10,0,3.33,50,96.11491705918874,16.30565197975405,566.8471415471429,0.91275,TRUE,entero
2022-08-11,0,3.33,NA,70.10342273286733,11.33686380255783,444.07463239318054,0.943,FALSE,entero
2022-08-12,0,3.22,NA,57.15069485723567,9.092421000482544,363.80639444443347,0.9575,FALSE,entero
2022-08-13,0,3.22,NA,49.85587045893777,8.574850523050968,275.9487211294702,0.9725,FALSE,entero
2022-08-14,0,3.11,NA,41.303044594851606,7.030929219290079,248.35164758699017,0.979,FALSE,entero
2022-08-15,0,3.11,NA,37.94313737669526,6.37533455929745,224.7284513085631,0.981,FALSE,entero
2022-08-16,0,3.11,NA,34.93880216890146,5.751824882256621,215.62179519311914,0.98025,FALSE,entero
2022-08-17,0.2,3,NA,31.02757367187841,5.147402100225701,174.3192702849257,0.9895,FALSE,entero
2022-08-18,0,3,NA,29.661284939561952,5.022529428420856,182.89921204687383,0.988,FALSE,entero
2022-08-19,0,3.11,NA,27.14756129856538,4.585629691178404,164.27266252236518,0.98775,FALSE,entero
2022-08-20,0,3,NA,24.946135001165313,4.1628344767327015,144.71568631971482,0.9915,FALSE,entero
2022-08-21,0.6,2.89,NA,23.12293756073689,3.971523751096798,130.85232866479774,0.99225,FALSE,entero
2022-08-22,3.8,3,NA,27.766939689345143,4.324757279416004,173.9231730005927,0.988,FALSE,entero
2022-08-23,0,3.1,NA,23.635124923908535,3.923683005460084,135.54266196232643,0.99225,FALSE,entero
2022-08-24,0.1,3,12,20.89871547579522,3.4386972506764715,123.79065043642633,0.99325,TRUE,entero
2022-08-25,0,3.22,NA,19.47607821902353,3.2197396666470226,109.12136660817626,0.99325,FALSE,entero
2022-08-26,0,2.95,NA,16.681575668632167,2.7366607501070934,101.18667852273047,0.99725,FALSE,entero
2022-08-27,0,2.77,NA,14.081553666756411,2.213471665298623,96.44591151467758,0.9975,FALSE,entero
2022-08-28,13.1,2.66,NA,28.37398534569639,4.281726595510485,181.56741485958585,0.98775,FALSE,entero
2022-08-29,0,3.27,NA,24.631970640938135,3.755732642335648,171.21790780300427,0.99,FALSE,entero
2022-08-30,0,3.27,NA,18.790074774780205,2.7331110193521653,126.45081002136732,0.99225,FALSE,entero
2022-08-31,0,3.55,NA,17.175557547655977,2.633227479511702,115.00158441225369,0.99375,FALSE,entero
2023-06-01,0,4.93,8,8.84929477426989,1.4685565140488444,56.01673730630101,0.9975,TRUE,entero
2023-06-02,0.7,4.6,NA,9.46242233707207,1.4960208499712464,58.7903788657988,0.99675,FALSE,entero
2023-06-03,0,5.15,NA,11.632135598842277,1.9812146453072905,68.35599079361418,0.99875,FALSE,entero
2023-06-04,0,5.5,NA,13.971424705596144,2.5470213445476144,80.55821107747626,0.99675,FALSE,entero
2023-06-05,0,4.22,NA,11.899096834569294,1.9301221369428005,72.93673013039307,0.99675,FALSE,entero
2023-06-06,0.3,3.92,NA,12.97727346514202,2.2511399036473145,74.36538036047932,0.99775,FALSE,entero
2023-06-07,0,3.88,NA,14.650885433811439,2.4620118478665503,89.58334885109711,0.9955,FALSE,entero
2023-06-08,0.1,3.71,NA,15.216761542306553,2.7481319431955495,87.56496352920175,0.995,FALSE,entero
2023-06-09,0,3.81,NA,17.444432454656578,3.064294706462306,100.4472166627321,0.9955,FALSE,entero
2023-06-10,0,3.87,NA,19.574739124752114,3.0047813632442675,118.03196691568675,0.99475,FALSE,entero
2023-06-11,0,3.77,NA,21.415160517988646,3.8443967116777484,122.36532481072535,0.99375,FALSE,entero
2023-06-12,0,3.73,NA,23.4266243596166,4.161928338166483,126.90547260515135,0.993,FALSE,entero
2023-06-13,0,3.44,NA,24.59070323546981,4.309326784940948,143.21449091836433,0.99075,FALSE,entero
2023-06-14,0,3.44,35,26.72834794260662,4.44992985240861,151.28697206691913,0.992,TRUE,entero
2023-06-15,0,3.29,NA,27.97826803468091,4.857840607292483,156.94914907281304,0.98825,FALSE,entero
2023-06-16,0,3.19,NA,28.550153059158937,4.8201492086997995,162.06475682084707,0.99025,FALSE,entero
2023-06-17,0,3.19,NA,30.16316805145451,4.905164510515988,172.53099139160872,0.9885,FALSE,entero
2023-06-18,0,2.96,NA,31.605929619917664,5.959870317188437,182.74828975064196,0.987,FALSE,entero
2023-06-19,0,2.95,60,32.89714889182386,5.525158700572228,195.35996751492945,0.985,TRUE,entero
2023-06-20,0,2.84,NA,33.5051469881626,5.754878138036557,191.18545168397196,0.98675,FALSE,entero
2023-06-21,0,2.84,NA,35.64775555150341,6.118489994160274,212.16734382912722,0.983,FALSE,entero
2023-06-22,0.7,2.84,NA,39.02060357552512,6.184339744140933,239.3952197414879,0.98175,FALSE,entero
2023-06-23,0,2.86,NA,41.181626711697014,6.8781398222530346,233.26908491598334,0.97775,FALSE,entero
2023-06-24,0,2.75,NA,38.98603656666237,6.579242421158315,218.82237046149118,0.9835,FALSE,entero
2023-06-25,0.6,2.79,NA,42.91219500298097,7.131288868731419,254.74877994424332,0.97925,FALSE,entero
2023-06-26,0,2.9,NA,45.33995735154056,7.20898798230423,280.7265805036543,0.9735,FALSE,entero
2023-06-27,0,2.87,NA,43.7987018380263,7.725640129023815,252.01255166422186,0.976,FALSE,entero
2023-06-28,0,2.98,NA,45.789568119614586,7.579517219362152,272.0383866286188,0.977,FALSE,entero
2023-06-29,0,3.01,NA,46.17203721671817,7.8696931298740225,265.12586202323456,0.97475,FALSE,entero
2023-06-30,0,3.63,NA,54.43417261877469,8.786738950540848,331.93486637571857,0.965,FALSE,entero
2023-07-01,5.3,4.34,NA,86.27604270319858,14.886017001680724,495.72215027116465,0.92875,FALSE,entero
2023-07-02,3.9,7.42,NA,157.35641694924246,27.015903010168323,932.1626991143789,0.8165,FALSE,entero
2023-07-03,13.2,6.62,520,268.1788213391504,46.760278925655214,1553.8861311465478,0.654,TRUE,entero
2023-07-04,0.5,6.39,NA,192.34031394132288,30.877351030424073,1116.0832991908053,0.75575,FALSE,entero
2023-07-05,0,5.78,62,137.26129897135058,25.911832270474957,780.2640064300589,0.85425,TRUE,entero
2023-07-06,1.6,4.73,NA,102.73401812390023,17.88265348150804,632.5354108089782,0.896,FALSE,entero
2023-07-07,0,4.4,NA,79.10481128441434,14.312553976296927,450.5282094199767,0.93975,FALSE,entero
2023-07-08,19.4,4.31,NA,225.49377556498825,35.21292678988208,1417.4562874603405,0.7055,FALSE,entero
2023-07-09,0,4.69,NA,152.650520063337,24.461006402578434,995.7608873442531,0.824,FALSE,entero
2023-07-10,0,4.3,480,99.24780533204897,16.989884486213153,595.9889604222097,0.90225,TRUE,entero
2023-07-11,0,4.18,NA,76.02698659604819,13.19011248985496,454.91540462955953,0.94025,FALSE,entero
2023-07-12,0,4,70,62.54335749256809,10.949727856807618,374.92127869399843,0.95625,TRUE,entero
2023-07-13,0,3.61,27,46.9289583670471,8.446775522710848,267.6411946720054,0.976,TRUE,entero
2023-07-14,0,3.38,NA,40.17615334180707,6.801685728983213,227.82206801747995,0.981,FALSE,entero
2023-07-15,0,3.68,NA,39.37572011529976,6.724965792206816,234.24773849522185,0.982,FALSE,entero
2023-07-16,6.7,3.49,NA,52.24036486916086,8.970052430626906,295.82674909231423,0.96925,FALSE,entero
2023-07-17,0,3.21,NA,41.46993322506879,7.147666906995435,246.13277999243223,0.978,FALSE,entero
2023-07-18,0.2,3.13,NA,36.64406076618664,6.5953326441163895,223.20640651605194,0.983,FALSE,entero
2023-07-19,0.3,3.1,NA,33.134184445022754,5.993743520989975,191.49999330545356,0.98675,FALSE,entero
2023-07-20,0.2,3.08,NA,32.02058715638283,5.547405008176268,183.6689399905024,0.9865,FALSE,entero
2023-07-21,1.4,3.14,NA,32.9213173515321,5.514385752635223,195.34379831743382,0.988,FALSE,entero
2023-07-22,0,2.98,NA,29.124473660928324,4.890106246013293,178.80133779820656,0.9905,FALSE,entero
2023-07-23,0,2.99,NA,27.71916888280769,4.786379999139013,158.1613772860258,0.992,FALSE,entero
2023-07-24,0.9,3.02,15,29.90240699646327,5.007430381880804,185.64151682984368,0.9835,TRUE,entero
2023-07-25,6.8,2.87,NA,42.406675319803206,7.039041023275968,255.9926101546124,0.977,FALSE,entero
2023-07-26,0,3.19,NA,40.59583666405137,7.005838256381881,243.21590230647175,0.9775,FALSE,entero
2023-07-27,0,3.17,NA,38.069920076655414,6.246983233719057,229.99590289424225,0.9795,FALSE,entero
2023-07-28,0,3.03,NA,33.458359407445954,5.63526365205775,189.36455934149734,0.98225,FALSE,entero
2023-07-29,10.5,3.26,NA,67.6451571974205,11.456115685477927,410.6853261702788,0.949,FALSE,entero
2023-07-30,3.4,3.91,NA,79.70295010516895,13.777740012982493,493.85135544070863,0.929,FALSE,entero
2023-07-31,8.1,3.79,NA,105.61033332807149,17.80988039278476,653.3788375751483,0.8915,FALSE,entero
2023-08-01,20.3,4.42,NA,313.8712343878469,44.8851400047072,2198.6770103057474,0.58025,FALSE,entero
2023-08-02,13.2,6.55,NA,616.3546977561496,86.49189557713177,4473.697958582753,0.36175,FALSE,entero
2023-08-03,9.6,6.7,NA,634.4037263543304,93.29612132545145,4298.669575088441,0.34125,FALSE,entero
2023-08-04,2.5,8.91,NA,481.0178760243703,79.53941061409847,3096.129307681028,0.43375,FALSE,entero
2023-08-05,0,10.77,NA,356.2678258483146,59.901603677496446,2138.8515160298007,0.549,FALSE,entero
2023-08-06,0,9.49,NA,223.2620876437637,37.11775074146677,1279.7368327601303,0.72125,FALSE,entero
2023-08-07,0,8.23,NA,152.39564550151977,25.95934882448995,876.1780234745898,0.82325,FALSE,entero
2023-08-08,0,7.43,50,119.48792120308144,20.697584880036878,686.1557594958183,0.88075,TRUE,entero
2023-08-09,0,6.59,NA,91.41519924926706,16.00614900286433,514.9686507030738,0.924,FALSE,entero
2023-08-10,6.8,5.63,NA,107.5429714295858,17.07603584681459,621.0015604882143,0.8895,FALSE,entero
2023-08-11,0,4.84,NA,75.67153854136484,12.645405768106723,450.9372178402759,0.942,FALSE,entero
2023-08-12,0,4.51,NA,63.378452331182544,9.990318707624956,379.9886380576816,0.95375,FALSE,entero
2023-08-13,0,4.05,NA,50.44310988419943,8.594324564831808,298.00485728695355,0.96675,FALSE,entero
2023-08-14,0,3.91,NA,44.90830584120734,7.476834835740655,279.4875285493714,0.9735,FALSE,entero
2023-08-15,0.9,3.58,NA,39.79874884804797,6.924750372634315,225.30680775570602,0.9825,FALSE,entero
2023-08-16,3.1,3.48,NA,42.57564376098493,7.467372224932161,256.50375536874935,0.9745,FALSE,entero
2023-08-17,0,4.59,NA,46.721278226550695,7.585913389834264,275.9198978548439,0.97375,FALSE,entero
2023-08-18,0,3.77,NA,35.00590062144402,6.525629813099757,206.1523644314776,0.985,FALSE,entero
2023-08-19,0,3.91,NA,32.6580698785442,5.1727112051234325,194.20711892894755,0.98625,FALSE,entero
2023-08-20,0,4.22,NA,32.55044287414776,5.872577080854614,187.87581210974488,0.99,FALSE,entero
2023-08-21,0.2,3.88,18,27.11731662146334,4.621472238089834,162.0566048933635,0.9905,TRUE,entero
2023-08-22,2.5,4.23,NA,32.40655340778071,5.111670323076343,194.92513465907155,0.984,FALSE,entero
2023-08-23,0.7,4.22,NA,29.502056586951806,4.7517404364184825,171.2582647686695,0.98925,FALSE,entero
2023-08-24,0.1,6.26,NA,37.05175437443998,6.278285359529168,228.81707522901488,0.981,FALSE,entero
2023-08-25,0,7.69,NA,38.7762149129604,6.444480368271208,224.9334079687125,0.98175,FALSE,entero
2023-08-26,2,7.08,NA,36.43090683662786,5.926877663093838,221.8700161871887,0.982,FALSE,entero
2023-08-27,24.2,7.42,NA,152.50008042719318,22.874598018982724,1019.8967920282689,0.8055,FALSE,entero
2023-08-28,41.7,16.24,NA,2447.5285701275216,241.60657264480633,23273.851525881626,0.096,FALSE,entero
2023-08-29,1.2,53.26,NA,2459.0957320352354,334.09314234722086,18297.03987060536,0.06625,FALSE,entero
2023-08-30,28,39.31,NA,4579.726642599907,475.5010979750818,39708.94293073533,0.0395,FALSE,entero
2023-08-31,9.1,46.83,NA,2918.362528869923,361.76932681734627,24784.173027318793,0.059,FALSE,entero
2024-06-01,0.7,5.05,NA,11.785535782614897,1.913624014428814,73.40597265392812,0.998,FALSE,entero
2024-06-02,0.1,5.05,NA,13.096893100698717,2.1435512525580087,80.34056389938439,0.998,FALSE,entero
2024-06-03,0,5.85,NA,16.72396482825528,2.7103894876554127,102.7625316372707,0.99525,FALSE,entero
2024-06-04,0,6.73,30,20.671873147189547,3.279293058267075,125.06012397678376,0.994,TRUE,entero
2024-06-05,0,6.35,NA,21.622302531199097,3.7013466208846233,118.0811933230995,0.99325,FALSE,entero
2024-06-06,0,5.8,NA,22.785014320411033,3.7127610506975386,135.2517427513374,0.9925,FALSE,entero
2024-06-07,0,5.26,NA,23.439700947284123,3.9430865441348653,141.86895159405083,0.991,FALSE,entero
2024-06-08,0.9,5.04,NA,26.625028198594816,4.8428899964809995,150.50497929245384,0.989,FALSE,entero
2024-06-09,18.5,5.72,NA,106.06641813294112,17.484436297799697,686.2893704940725,0.89325,FALSE,entero
2024-06-10,3,7.2,NA,123.28947776242525,21.411608707321086,791.7065347203758,0.86625,FALSE,entero
2024-06-11,0.3,8.1,470,115.51302659993264,18.826765010626286,678.6546896250031,0.8825,TRUE,entero
2024-06-12,0,7.75,NA,94.8438204426137,16.19871718686052,548.6855618981813,0.9185,FALSE,entero
2024-06-13,0,7.15,NA,85.9952408015574,14.140639892223978,516.4378268273865,0.9265,FALSE,entero
2024-06-14,0,6.59,26,74.15234592174924,13.115351234039375,402.7590147422109,0.94975,TRUE,entero
2024-06-15,0,5.99,NA,69.84808113705856,11.308475287546617,413.207247265635,0.9475,FALSE,entero
2024-06-16,0,5.58,NA,66.44512149498732,11.384148587257242,387.74991451597856,0.952,FALSE,entero
2024-06-17,1,5.32,NA,69.68503997632064,11.912270315415896,413.4801679425988,0.948,FALSE,entero
2024-06-18,0,5.14,NA,70.16297237728548,11.819391461074835,385.9390386099038,0.95375,FALSE,entero
2024-06-19,0,4.99,NA,69.61099569089181,11.197355623460963,380.10109029320535,0.95325,FALSE,entero
2024-06-20,0,4.63,39,64.81243488597649,11.13905371141711,370.1833418542146,0.95525,TRUE,entero
2024-06-21,0,4.49,NA,65.01735622861352,11.12313122013418,393.9259802925561,0.951,FALSE,entero
2024-06-22,0,4.25,NA,63.89808674039436,11.178387110557361,361.96242192978997,0.9575,FALSE,entero
2024-06-23,0,4.23,NA,65.85107264711934,11.92566158966093,380.64737986111373,0.95525,FALSE,entero
2024-06-24,1.4,4.24,NA,71.40766047288012,11.951885613088983,389.19274898891547,0.95225,FALSE,entero
2024-06-25,0,4.27,140,69.99868777975394,11.823393964107845,398.0708462852383,0.9505,TRUE,entero
2024-06-26,0,4.06,NA,69.21907882513135,12.081858024841662,393.1540766417817,0.95125,FALSE,entero
2024-06-27,0,3.95,NA,66.14748370267301,11.405383199914635,383.17947924835113,0.953,FALSE,entero
2024-06-28,0.1,3.97,NA,64.95666374915963,10.523318981569522,395.0916988302922,0.951,FALSE,entero
2024-06-29,0,3.97,NA,65.93326609781693,11.732750900111435,367.7837532263265,0.9595,FALSE,entero
2024-06-30,0,3.77,NA,61.4465017468819,10.574734840766094,369.73000473694765,0.9575,FALSE,entero
2024-07-01,0,3.81,NA,60.53526581086371,10.23135572247574,359.29727912448726,0.96025,FALSE,entero
2024-07-02,0,3.81,80,60.64475471806645,10.938047744792787,329.95268072833727,0.96625,TRUE,entero
2024-07-03,5.3,4.2,NA,87.31740306371319,15.057349795648394,517.429531823716,0.9205,FALSE,entero
2024-07-04,0.2,4.73,NA,87.71484270715146,14.783457202683321,474.91940905261373,0.9285,FALSE,entero
2024-07-05,11.7,4.79,NA,165.37510388957114,27.400010207225833,1036.7555038614505,0.80275,FALSE,entero
2024-07-06,5.8,5.18,NA,184.15372866166464,30.099501610899807,1103.312311881382,0.76675,FALSE,entero
2024-07-07,1.8,5.01,NA,154.32661543823033,26.706429470181103,960.9296833432683,0.81925,FALSE,entero
2024-07-08,0,4.9,NA,108.92423423446637,19.068523514430726,696.3987152801542,0.8955,FALSE,entero
2024-07-09,0,4.35,50,79.94684382146269,14.41063553212852,474.68678389528526,0.93175,TRUE,entero
2024-07-10,0,4.35,NA,68.37476959219258,11.828307469107472,373.70625193936644,0.95375,FALSE,entero
2024-07-11,5.9,4.79,NA,96.11433065534177,17.344840417864635,604.3198009187834,0.91475,FALSE,entero
2024-07-12,0,5.02,NA,81.44776049799124,14.387689729139604,466.10555286338433,0.93325,FALSE,entero
2024-07-13,0,4.95,NA,68.44720199776155,12.248974866478786,400.3583831713882,0.94975,FALSE,entero
2024-07-14,9.1,4.84,NA,107.34281043612683,18.796805070605693,636.2036261624157,0.8955,FALSE,entero
2024-07-15,0.7,4.45,NA,82.50577139195524,14.865457179495674,480.8969613106839,0.929,FALSE,entero
2024-07-16,0,3.95,NA,61.198473456302196,11.407742232176007,364.5393476597947,0.95725,FALSE,entero
2024-07-17,1.7,3.83,30,55.189010248483434,8.939394484179552,335.99487828088724,0.9615,TRUE,entero
2024-07-18,2.3,3.98,NA,59.357785202406276,9.88839944198355,389.8955537843427,0.95175,FALSE,entero
2024-07-19,4.4,4.32,NA,71.62086845808722,11.063275531588305,434.2808688064502,0.94,FALSE,entero
2024-07-20,2.2,5.3,NA,82.64009075183377,15.029847503581822,471.0492403218587,0.9345,FALSE,entero
2024-07-21,3.9,5.36,NA,94.66799376399406,16.33804757451439,596.8450341049944,0.909,FALSE,entero
2024-07-22,0,5.78,NA,84.04809985425182,14.321517683128807,493.91354779435267,0.928,FALSE,entero
2024-07-23,0,5.37,NA,68.03602652325151,11.470179602649857,404.4206419549594,0.94925,FALSE,entero
2024-07-24,0,4.88,25,58.2528747956279,10.039146869615465,338.8912755605846,0.963,TRUE,entero
2024-07-25,0,4.4,NA,49.34658865901929,8.520864907037106,284.5809687484125,0.96975,FALSE,entero
2024-07-26,0,3.83,NA,42.58731784870067,7.185362553518827,265.6796175553314,0.9775,FALSE,entero
2024-07-27,0,3.69,NA,40.99266640541204,7.237692022941558,238.1571357399538,0.97925,FALSE,entero
2024-07-28,0,3.44,NA,37.18989014076257,6.507975319058728,209.37423124635202,0.983,FALSE,entero
2024-07-29,0,3.41,NA,37.08818218736053,6.220765466983766,217.8096791167199,0.98325,FALSE,entero
2024-07-30,0,3.34,NA,37.93550937991538,6.53492181504038,228.6483886493655,0.9835,FALSE,entero
2024-07-31,0.9,3.32,18,40.11325517125667,6.793240355456053,240.8622228267346,0.97925,TRUE,entero
2024-08-01,0.7,3.39,NA,42.13290607284319,7.418103385400987,244.1527000113768,0.97975,FALSE,entero
2024-08-02,0.3,3.71,NA,47.01142265121671,8.331920786695441,266.7417458915379,0.9765,FALSE,entero
2024-08-03,5,3.92,NA,67.27786896865908,12.432544456145292,395.97328572433827,0.95125,FALSE,entero
2024-08-04,4.3,4.84,NA,97.26314850061793,17.807565140205078,540.4423497205713,0.91375,FALSE,entero
2024-08-05,7.8,5.44,NA,147.2859384421036,24.81399426461358,835.8112096603548,0.83625,FALSE,entero
2024-08-06,11.3,5.64,NA,244.58192168212193,38.90000132957036,1508.6343031943675,0.67725,FALSE,entero
2024-08-07,0,5.52,800,170.09835053274006,28.2504688825547,1041.3568753726122,0.79725,TRUE,entero
2024-08-08,0,5.23,390,119.92726657354689,20.450855440637188,688.9541178841378,0.873,TRUE,entero
2024-08-09,4.4,4.68,NA,115.44894070310262,18.3535121037336,733.6983089146852,0.8775,FALSE,entero
2024-08-10,5.2,5.65,NA,151.57633099805585,23.769795067818524,902.2515015925567,0.8195,FALSE,entero
2024-08-11,0.7,6.6,NA,139.00119884059393,24.263926684352427,816.1588219779491,0.84875,FALSE,entero
2024-08-12,5.3,7.81,NA,184.5803242397512,31.661077206781176,1093.2883087395314,0.778,FALSE,entero
2024-08-13,0,7.57,NA,136.84115582614635,23.856645395050435,819.7838227241077,0.852,FALSE,entero
2024-08-14,0,7,130,103.62051930518359,18.680498892105298,620.0028821441994,0.89825,TRUE,entero
2024-08-15,0,6.32,NA,78.60012853493245,12.795232557600167,489.3130224554163,0.933,FALSE,entero
2024-08-16,0,5.79,NA,62.275023116027285,9.860306392228978,351.619144854771,0.96125,FALSE,entero
2024-08-17,0,5.28,NA,54.141609533886275,9.118373750133035,312.9850890393787,0.96575,FALSE,entero
2024-08-18,0,4.79,NA,42.29142112359734,7.391753759660238,257.38882790019187,0.97525,FALSE,entero
2024-08-19,0,4.75,NA,39.18750588001936,6.651436373321017,239.11023195743817,0.9785,FALSE,entero
2024-08-20,0,4.61,NA,34.646518555680686,6.161043817897339,201.2518168592337,0.988,FALSE,entero
2024-08-21,1.1,4.39,34,33.29349919032368,5.4909226315371,216.36405472599887,0.9845,TRUE,entero
2024-08-22,0,4.4,NA,29.66844393422902,5.099215214274386,180.85917741759917,0.98825,FALSE,entero
2024-08-23,4.4,4.39,NA,35.76438130636959,6.290276496251146,210.6489213825751,0.98425,FALSE,entero
2024-08-24,0,4.73,NA,32.1825745863878,5.435617803536316,178.23455750584284,0.99125,FALSE,entero
2024-08-25,0,4.61,NA,27.350358046910227,4.653368060920421,158.91844631959842,0.98825,FALSE,entero
2024-08-26,0,4.53,NA,23.942607145613593,3.8073895671326814,149.36983439094675,0.99025,FALSE,entero
2024-08-27,0,4.28,70,19.788666808967985,3.0808163097149333,125.5413160400612,0.99275,TRUE,entero
2024-08-28,1,4.03,NA,18.033541770788798,2.9045410927328508,113.56165464191388,0.993,FALSE,entero
2024-08-29,0,3.89,NA,15.760299495323235,2.4965964856078635,102.30603095300395,0.99475,FALSE,entero
2024-08-30,12.2,3.67,NA,28.715811272960607,4.234861730258974,202.45096890846148,0.9865,FALSE,entero
2024-08-31,6.3,4.87,NA,40.51656159125934,6.141779301773244,273.1861599001147,0.97325,FALSE,entero
2025-06-01,0,4.57,NA,8.47959664019927,1.3736428641608385,57.56616583343176,0.9985,FALSE,entero
2025-06-02,5.8,4.52,NA,13.357320536441474,2.0167340045951514,85.72267630752928,0.99625,FALSE,entero
2025-06-03,0,4.57,NA,13.455522060311763,2.205463892539362,82.59341589100005,0.99575,FALSE,entero
2025-06-04,0.6,4.48,4,13.968755429028553,2.2144431302039687,85.25957916818271,0.998,TRUE,entero
2025-06-05,3.8,4.55,NA,18.9884017297992,3.1582930312415227,108.93967379676317,0.99525,FALSE,entero
2025-06-06,0.2,4.66,NA,19.339205662849178,3.3630306404540016,116.20855350177199,0.99625,FALSE,entero
2025-06-07,0,4.83,NA,20.951005864330874,3.523006768343083,133.7811360794646,0.99325,FALSE,entero
2025-06-08,0,5.04,NA,23.52569239759404,4.0428555073417725,137.00565198784054,0.989,FALSE,entero
2025-06-09,11.5,5.09,NA,50.433214415738284,8.425730067878812,295.2961611630672,0.96925,FALSE,entero
2025-06-10,0.1,5.35,NA,46.170599299706495,7.982817870612893,266.65093962055556,0.97575,FALSE,entero
2025-06-11,18.6,5.04,NA,133.91316660311628,21.39378715494515,962.217413032604,0.8365,FALSE,entero
2025-06-12,2.9,6.74,NA,145.89952563059617,25.257527453814305,859.8737934052415,0.832,FALSE,entero
2025-06-13,0,7.78,NA,125.9969460071266,21.13432803122431,761.2123179909197,0.86125,FALSE,entero
2025-06-14,0,7.53,NA,105.57936550674495,18.87071749836916,594.1630756536609,0.9005,FALSE,entero
2025-06-15,0,7.03,NA,89.16917232772731,16.287474721867774,504.1936609706373,0.92275,FALSE,entero
2025-06-16,2.6,6.18,NA,85.45724197264471,14.902296360955763,527.875744512365,0.92325,FALSE,entero
2025-06-17,0.6,5.79,NA,79.29680043023025,13.705222578252537,452.2044289165033,0.9395,FALSE,entero
2025-06-18,9.9,6.21,200,151.15487817669455,26.194711944042464,856.0196398925922,0.833,TRUE,entero
2025-06-19,13.8,8.39,NA,380.405324044623,58.90837163279518,2333.0945670421715,0.5125,FALSE,entero
2025-06-20,0,9.81,NA,302.7032900597451,49.06826113134602,1897.8360464290042,0.60775,FALSE,entero
2025-06-21,4.7,8.74,NA,284.2729631405327,48.39527479952226,1672.7044418085818,0.64025,FALSE,entero
2025-06-22,0,8.56,NA,217.20038450079645,37.066456776665,1241.985343745573,0.7215,FALSE,entero
2025-06-23,4.6,7.92,NA,225.05271831392272,39.535476321449494,1288.2954926628195,0.72025,FALSE,entero
2025-06-24,13.1,8.77,360,460.1869619009348,72.268146189538,2755.7688397742577,0.43875,TRUE,entero
2025-06-25,0.9,16.19,NA,571.5029364590813,99.23434441973818,3312.6802074226252,0.35125,FALSE,entero
2025-06-26,0,20.24,NA,524.0232231179092,88.83685870134465,3002.272822035085,0.3855,FALSE,entero
2025-06-27,7.3,17.07,NA,584.3931868530859,98.80128207382464,3486.8677977094244,0.34825,FALSE,entero
2025-06-28,1.5,15.72,NA,437.0113326550087,74.25806821048656,2507.8540127902425,0.452,FALSE,entero
2025-06-29,8,16.77,NA,618.5775682895121,100.71201192106238,3583.3923215932014,0.322,FALSE,entero
2025-06-30,0,25.16,NA,642.8113060122828,102.54583193991041,3819.9715033750676,0.32225,FALSE,entero
2025-07-01,0,21.63,350,442.81465836645054,66.40051576585924,2702.4763608082803,0.45425,TRUE,entero
2025-07-02,0.2,17.51,NA,311.15022808624707,53.25188901197353,1782.8089530736406,0.60225,FALSE,entero
2025-07-03,0,13.93,180,219.96670511120834,35.92898885294025,1310.6334434525315,0.71875,TRUE,entero
2025-07-04,0,11.78,NA,172.77649753840655,28.167118085523583,1046.0641737989376,0.78775,FALSE,entero
2025-07-05,11.4,10.15,NA,279.1350714211747,45.73606130657575,1570.7965968706483,0.649,FALSE,entero
2025-07-06,7,11.8,NA,376.19804928322407,64.40653749604644,2156.1308767302303,0.5185,FALSE,entero
2025-07-07,40,18.08,NA,4898.786518738901,596.2002394383613,41452.11163259637,0.02525,FALSE,entero
2025-07-08,0.1,30.22,800,3030.440732834199,480.36090281458496,20301.358534495976,0.03775,TRUE,entero
2025-07-09,0,40.03,800,1905.6580861047244,308.2858234466101,11906.203750023227,0.07425,TRUE,entero
2025-07-10,0.6,29.5,NA,883.4341142400766,139.08858375098703,5169.486879432206,0.22,FALSE,entero
2025-07-11,0,23.29,330,500.32158404094207,87.79411834320558,2878.495593496411,0.415,TRUE,entero
2025-07-12,0.3,19.3,NA,317.074836389751,55.67329899930038,1864.7232787284886,0.591,FALSE,entero
2025-07-13,0,16.54,NA,223.5882298128537,38.2141340857318,1323.5859807252698,0.7235,FALSE,entero
2025-07-14,0,14.86,NA,168.7403557142633,25.342374524717428,1053.4179212112645,0.8,FALSE,entero
2025-07-15,0,18.89,NA,188.4310882572017,29.49137814048463,1162.0314802708895,0.7565,FALSE,entero
2025-07-16,0,24.73,NA,217.8562786909157,33.961264394184674,1336.9596179049452,0.7165,FALSE,entero
2025-07-17,0,19.18,NA,151.88977773430682,24.60141668385592,944.3428046299372,0.81375,FALSE,entero
2025-07-18,0,15.57,NA,126.14002437931873,20.800170146213528,764.5032557860789,0.8695,FALSE,entero
2025-07-19,0,12.15,NA,96.62369719200794,16.107795170481214,587.5803021009172,0.908,FALSE,entero
2025-07-20,0,10.26,NA,78.62987571232158,12.751153589715711,468.8658669999848,0.932,FALSE,entero
2025-07-21,4.8,9,NA,94.8588137235673,15.043753919371696,603.7405048796235,0.9075,FALSE,entero
2025-07-22,0,9.37,550,89.3123271363989,15.696816088317986,509.22836317209305,0.92225,TRUE,entero
2025-07-23,0,9.1,800,79.99172303943278,12.94985168521663,474.12686468427813,0.934,TRUE,entero
2025-07-24,0,8.62,NA,75.93831198518664,12.606799204695902,478.19083105245295,0.93525,FALSE,entero
2025-07-25,0,8.18,NA,68.76171801515025,11.88086173089225,404.5725996522816,0.949,FALSE,entero
2025-07-26,0,7.53,NA,63.44375985324845,11.328456578866863,358.4669656955429,0.95825,FALSE,entero
2025-07-27,0,6.92,NA,60.062861793682536,9.822085219917996,352.58480855826315,0.95975,FALSE,entero
2025-07-28,0,6.55,65,57.0305366636905,10.542899777149811,330.97373850362357,0.963,TRUE,entero
2025-07-29,0,6.25,NA,52.084079880176276,9.011050163405443,288.3697371678955,0.97225,FALSE,entero
2025-07-30,0,5.92,NA,54.01869209432045,8.985432134715479,328.8666711310261,0.96375,FALSE,entero
2025-07-31,0,5.5,NA,50.6455992684474,8.82592607864506,284.7659349346038,0.97125,FALSE,entero
2025-08-01,12.6,5.08,NA,107.41768053611855,18.68707620382769,606.103908360384,0.8975,FALSE,entero
2025-08-02,0,8.82,NA,140.85809468194017,24.436088671016865,808.2146789207465,0.8445,FALSE,entero
2025-08-03,0,18.83,NA,245.52844667582133,40.19378848094048,1485.5180747708634,0.686,FALSE,entero
2025-08-04,9.8,12.8,NA,282.61599601295313,51.390706900083096,1624.0897688444586,0.6425,FALSE,entero
2025-08-05,3.2,10.9,220,238.90188509279184,41.66498783275149,1330.713140889341,0.6985,TRUE,entero
2025-08-06,38.4,10.02,NA,1983.965584222308,247.48143498455332,16492.8667848931,0.10325,FALSE,entero
2025-08-07,0,8.89,NA,732.0169426491016,110.14131596372751,4953.157679257854,0.28925,FALSE,entero
2025-08-08,7.5,8.49,NA,643.1341243745443,90.30167403111776,4407.738050648147,0.32425,FALSE,entero
2025-08-09,0,9.1,NA,383.5509515202771,65.73133507499044,2436.967904537591,0.517,FALSE,entero
2025-08-10,0,7.99,NA,217.08418835909174,36.74859041588175,1298.0923415870498,0.72975,FALSE,entero
2025-08-11,5.9,7.38,NA,223.2214687556631,36.82187002251133,1344.4954791344894,0.7205,FALSE,entero
2025-08-12,1.2,7.24,NA,159.54713081692293,27.71102199592091,944.4844464634897,0.813,FALSE,entero
2025-08-13,0,6.69,NA,113.84529023004276,19.434184081242986,672.9150003262334,0.884,FALSE,entero
2025-08-14,0,6.27,NA,89.02935687694999,14.382428119354836,525.3833765231675,0.92075,FALSE,entero
2025-08-15,2.6,5.91,NA,82.08279210540405,13.165844236569141,501.656669063976,0.924,FALSE,entero
2025-08-16,0,5.92,NA,69.41486506675695,12.132222909768084,410.1411982446382,0.947,FALSE,entero
2025-08-17,0,5.73,NA,58.754433237096386,10.021923532708916,345.67504610238433,0.96275,FALSE,entero
2025-08-18,0,5.38,NA,47.87512866900548,8.113433668626536,292.2531724789188,0.971,FALSE,entero
2025-08-19,0,5.18,36,42.93843421730948,7.003680906265944,263.5564025707796,0.97625,TRUE,entero
2025-08-20,0,4.84,NA,36.22274255213837,6.3791040137331745,222.25748822739897,0.97825,FALSE,entero
2025-08-21,0.5,4.48,NA,31.675885272107095,4.882893443761044,193.67516837122054,0.986,FALSE,entero
2025-08-22,0,4.28,NA,28.403723202908225,4.674432537047796,183.46804025880542,0.9885,FALSE,entero
2025-08-23,0,4.19,NA,23.989566302702663,4.102014645003245,138.24327334244526,0.99075,FALSE,entero
2025-08-24,2.9,4.17,NA,26.655083436576177,4.490389304815217,155.25467098981474,0.98925,FALSE,entero
2025-08-25,0.4,4.55,NA,26.47009593862067,4.556880928997746,153.2874810912941,0.99025,FALSE,entero
2025-08-26,0,4.45,43,22.297448631387265,3.6506808145113063,136.4910845519144,0.99325,TRUE,entero
2025-08-27,0,4.8,NA,21.722815856585896,3.241975217415607,142.34588121509464,0.99125,FALSE,entero
2025-08-28,0,4.43,NA,17.84000490982321,2.9607456808965766,111.26322981015475,0.99525,FALSE,entero
2025-08-29,10.6,4.2,NA,30.550348006746955,4.468861551479659,206.85494754697672,0.9835,FALSE,entero
2025-08-30,0.6,4.75,NA,26.50536888147551,4.136592258391058,172.07154025966616,0.9885,FALSE,entero
2025-08-31,1.9,4.72,NA,24.922556816314522,3.829958986915041,177.60547195841804,0.98725,FALSE,entero
2026-06-01,0,3.86,NA,5.972268508367847,0.8832399903293194,40.48556288613433,0.998,FALSE,entero
2026-06-02,0,3.64,NA,6.3881608793761995,0.9711411910519617,38.98431965421786,0.99975,FALSE,entero
2026-06-03,0,3.53,1,7.128950428670432,1.09772822449324,48.27828808198555,0.998,TRUE,entero
2026-06-03,0,3.53,2,6.839816787707596,1.0961168815294373,44.998418703575425,0.9985,TRUE,entero
2026-06-04,0,3.47,NA,7.745824773653508,1.2714549633242256,47.750833117476354,0.998,FALSE,entero
2026-06-05,7,3.47,NA,13.476109850545784,2.1713468794938717,89.64884316299377,0.9965,FALSE,entero
2026-06-06,6,3.86,NA,21.013261613896063,3.470037551583662,124.80547619182954,0.993,FALSE,entero
2026-06-07,0,4.25,NA,21.130142296059926,3.3545830752785966,132.58614133564438,0.993,FALSE,entero
2026-06-08,0,3.86,NA,19.759436750496874,3.311524147070529,120.80102299709777,0.993,FALSE,entero
2026-06-09,7.4,3.8,NA,31.838725874618767,5.688114792826323,192.55935563277677,0.98525,FALSE,entero
2026-06-10,0,3.71,NA,26.76669254717062,4.123099942318526,160.74149412427883,0.99025,FALSE,entero
2026-06-11,8.3,3.38,NA,40.26399509536234,6.232833753746682,244.66334973414587,0.97925,FALSE,entero
2026-06-12,0,5.02,200,48.61469064691327,8.212574797450426,301.08635295189504,0.97125,TRUE,entero
2026-06-13,18.5,5.24,NA,152.7090834956668,23.167971226486348,952.4948861992518,0.81125,FALSE,entero
2026-06-14,0,9.76,NA,181.5586392925333,30.712541708931965,1129.7953271798617,0.78225,FALSE,entero
2026-06-15,6,10.64,NA,220.57538464525538,37.28040122815697,1287.111596443726,0.7135,FALSE,entero
2026-06-16,0.2,9.6,200,162.92577754289448,28.625246628062996,922.9870308218834,0.80975,TRUE,entero
2026-06-16,0.2,9.6,110,162.0930385880355,27.364016436184205,890.2342628344309,0.808,TRUE,entero
2026-06-17,11,9.55,NA,266.8799642271177,41.138679420473565,1624.7088045509172,0.64575,FALSE,entero
2026-06-18,0,9.98,NA,206.81668199651088,34.11119923074698,1224.5817391972541,0.74275,FALSE,entero
2026-06-19,0,9.11,NA,154.1416011493235,26.181161190313464,913.7063073976293,0.8225,FALSE,entero
2026-06-20,0,7.67,NA,116.17714884291777,20.636954007518867,679.8385170390683,0.8805,FALSE,entero
2026-06-21,0,6.32,NA,87.87023206020463,14.44943560840889,562.1087565125348,0.92075,FALSE,entero
2026-06-22,0,5.44,NA,75.06506500614074,12.40022374404415,466.00900412585634,0.93675,FALSE,entero
2026-06-23,2.4,4.81,57,73.98797509200942,12.09880288235337,443.68084522729856,0.9415,TRUE,entero
2026-06-24,1.4,5.18,NA,80.84139960006826,13.391832246103997,470.77649265511906,0.93675,FALSE,entero
2026-06-25,2.2,5.85,NA,98.48288387943948,15.811260289668876,547.6767077067907,0.912,FALSE,entero
2026-06-26,2.5,5.89,NA,106.26151701033517,17.203185725521955,621.4927763993667,0.89475,FALSE,entero
2026-06-27,0,5.43,NA,85.41794566861184,14.372648307468964,493.6608340133896,0.9295,FALSE,entero
2026-06-28,1.4,4.82,NA,80.29453466025753,13.61715284773801,461.67482944162225,0.93375,FALSE,entero
2026-06-29,0,4.7,NA,71.47887926767669,11.554676699198847,429.1820149749362,0.94475,FALSE,entero
2026-06-30,0,4.41,NA,61.20340638579753,10.204544139309023,334.8789328619792,0.961,FALSE,entero
2026-07-01,1.2,4.16,64,60.5432870203888,9.924824612992397,355.42926258463746,0.9585,TRUE,entero
2026-07-02,4.8,4.16,NA,77.07363714047771,13.24239871543697,441.7822453396002,0.941,FALSE,entero
2026-07-03,0.1,4.22,NA,67.88849780262674,11.324458985984329,380.577012572668,0.95475,FALSE,entero
2026-07-04,8.4,4.95,NA,114.24245616965601,19.07069181078162,685.219444728829,0.881,FALSE,entero
2026-07-05,7.8,7.09,NA,204.9132011809734,32.485726845882674,1264.1245178289148,0.7435,FALSE,entero
2026-07-06,13.4,14.1,NA,619.8125014478728,103.96989626037588,3794.687104706491,0.337,FALSE,entero
2026-07-07,4.9,16.92,NA,662.6707360969451,106.25377304568056,3900.324196661047,0.3125,FALSE,entero
2026-07-08,0.5,21.4,400,502.0304071617915,80.56027252530112,3211.3226485487903,0.40775,TRUE,entero
2026-07-09,1.8,18.42,NA,366.63546099098164,61.88683902083036,2061.6696573348013,0.529,FALSE,entero
2026-07-10,0,14.99,420,222.41949809550013,37.51818000359425,1247.2038258998778,0.717,TRUE,entero
2026-07-11,0,12.5,NA,156.13024530845405,27.25096296110729,909.9047258110677,0.8185,FALSE,entero
2026-07-12,0,16.74,NA,169.63548319273212,27.570573732984833,1044.5907418832946,0.7895,FALSE,entero
2026-07-13,0,20.34,NA,179.99542691666272,26.897991423776748,1067.8021171117898,0.77275,FALSE,entero
2026-07-14,0,15.55,NA,130.38520395920435,19.02332138805087,864.8168108899628,0.84525,FALSE,entero
2026-07-15,0,12.11,2,95.81947939743597,15.471992377658903,628.5805031507667,0.903,TRUE,entero
2026-07-16,0,10.67,NA,78.10910252962947,12.664226862505437,474.7668938807162,0.936,FALSE,entero
2026-07-17,0,9.29,NA,67.33198007097997,10.897228189995774,441.3695055362658,0.93825,FALSE,entero
2026-07-18,1.1,8.59,NA,65.88712976057984,10.690989177003315,416.73075141473703,0.9455,FALSE,entero
2026-07-19,0,8.59,NA,62.421077020467074,9.555189215635506,380.8956727048179,0.95425,FALSE,entero
2026-07-20,0,8.09,NA,58.28014363485809,9.587304851203976,363.8199104910724,0.95775,FALSE,entero
2026-07-21,1.5,7.56,NA,56.955730051844895,9.21185400798817,334.4060345494234,0.96625,FALSE,entero
2026-07-22,0.3,6.85,59,52.77025455018915,8.721251642627697,316.1102565188856,0.96775,TRUE,entero
2026-07-23,1.3,6.46,NA,53.05639641802577,8.272085113557992,324.14697745881233,0.96675,FALSE,entero
2026-07-24,0,6.41,NA,48.1212265159418,7.641487952849828,289.7841218587499,0.97025,FALSE,entero
2026-07-25,3.4,5.77,NA,55.45227450662844,10.06940157857263,341.33903882458736,0.9615,FALSE,entero
2026-07-26,1.8,5.29,NA,51.87627702222072,8.230736711477563,310.77824117095616,0.9655,FALSE,entero
2026-07-27,6,4.97,NA,66.90213066507529,11.00643548335468,406.72826783496794,0.949,FALSE,entero
2026-07-28,3.5,5.48,NA,77.32563368485555,12.455797951965828,451.4099222067454,0.937,FALSE,entero
2026-07-29,0,5.26,NA,61.96345036430183,10.272549009030286,371.1945065473728,0.95525,FALSE,entero
2026-07-30,0,4.87,NA,53.82975724213347,8.589154149901875,344.82227335598117,0.96075,FALSE,entero
2026-07-31,6.4,4.77,NA,71.0793196688696,10.684141427610646,456.2886965835422,0.94,FALSE,entero
2026-08-01,0,5.39,NA,67.64880620520418,11.168254781757122,403.3084977765622,0.94925,FALSE,entero
2026-08-02,0,4.79,NA,56.666968334917186,9.056779618645674,352.00519333176663,0.95975,FALSE,entero
2026-08-03,0,4.35,NA,49.21555962764297,8.286289933443758,285.80343066740215,0.97125,FALSE,entero
2026-08-04,0,4.15,5,44.113108643952756,7.188749323517407,263.0271157842103,0.973,TRUE,entero
2026-08-05,0,3.9,NA,38.92695281316059,5.968688075275866,239.6352094647753,0.97975,FALSE,entero
2026-08-06,0,3.84,NA,37.88944355746539,6.4625245464817525,213.381973030153,0.9835,FALSE,entero
2026-08-07,0,3.33,NA,32.53917536399395,5.306321906321086,202.74966110794378,0.985,FALSE,entero
2026-08-08,0,3.19,NA,30.87272354249832,5.007320630807868,179.8107322884635,0.98225,FALSE,entero
2026-08-09,0,2.91,NA,28.284051670637627,4.371388765024955,180.96493110969817,0.98675,FALSE,entero
2026-08-10,6.9,2.85,NA,41.91385291076011,6.782971333222552,246.36435925190634,0.97875,FALSE,entero
2026-08-11,2,4.18,NA,57.84632251307708,9.318111226639884,341.71256924102795,0.9625,FALSE,entero
2026-08-12,0,3.74,NA,46.60059124749761,7.573503420580859,290.37642947129837,0.971,FALSE,entero
2026-08-13,0,3.32,NA,35.75902377158905,6.109202616226005,225.73909661247865,0.98025,FALSE,entero
2026-08-14,0.2,3.23,NA,32.228539384392356,5.144858842850738,200.41828042931886,0.9835,FALSE,entero
2026-08-15,1.6,3.26,NA,32.535184979037325,5.586458341946621,203.49893840956173,0.98525,FALSE,entero
2026-08-16,0,3.23,NA,29.000586491790017,4.429319722163633,174.64889811087946,0.9875,FALSE,entero
2026-08-17,2.5,3.3,NA,32.089326173215845,4.842516973531086,185.14968536883,0.98775,FALSE,entero
2026-08-18,0,3.28,27,28.371468756588722,4.238448127778487,189.9001509295998,0.98475,TRUE,entero
2026-08-19,0,3.28,NA,24.812252499407766,3.864017226658978,147.58344272571836,0.9925,FALSE,entero
2026-08-20,5.2,3.27,NA,31.12714100230878,4.9854441661158715,192.97856284476163,0.98175,FALSE,entero
2026-08-21,1.9,3.69,NA,32.76061203031458,5.419973804239286,201.0046050583257,0.9845,FALSE,entero
2026-08-22,18.6,4.22,NA,96.14707384501544,13.494467676693361,667.2257347597886,0.89525,FALSE,entero
2026-08-23,0.3,8.78,NA,113.87674080918259,18.997731178932177,684.9557129994726,0.881,FALSE,entero
2026-08-24,2.5,10.66,NA,109.66560819378122,17.55196679352778,682.557492129478,0.88625,FALSE,entero
2020-06-01,0,5.86,NA,18.23448442189027,3.1542000459912867,107.17618181914997,0.99725,FALSE,coli
2020-06-02,0,5.59,NA,18.24466353573731,3.143475090704357,107.98752610479424,0.99575,FALSE,coli
2020-06-03,0,5.43,5,18.230929922243106,3.1019045836401653,112.54633717882376,0.996,TRUE,coli
2020-06-04,4.7,5.33,NA,25.48933507113698,4.56303505893786,139.73380199623753,0.9925,FALSE,coli
2020-06-05,8,5.67,NA,48.529543332868165,8.673937922424438,284.21592753155676,0.9785,FALSE,coli
2020-06-06,2.6,6.99,NA,55.21761455206562,10.140279354878295,333.7891261520402,0.973,FALSE,coli
2020-06-07,0,8.59,NA,51.337875230754335,9.557940631496246,272.08837541701445,0.98175,FALSE,coli
2020-06-08,1.2,8.15,NA,47.626024811930556,8.529259834184685,260.9605302764548,0.9865,FALSE,coli
2020-06-09,0,8.63,NA,44.58637533763643,8.562948637725379,238.56612323562615,0.984,FALSE,coli
2020-06-10,0,8.82,NA,42.05123517304484,7.663334288689903,240.6125333454893,0.9865,FALSE,coli
2020-06-11,0,8.03,NA,37.9640946878297,7.235846836372677,200.7338012816994,0.986,FALSE,coli
2020-06-12,0,6.9,NA,32.44504306862299,5.590453058544072,178.4229512045922,0.9905,FALSE,coli
2020-06-13,0,6.07,NA,29.787769463829886,5.413175380553966,169.81263004282494,0.99,FALSE,coli
2020-06-14,0,5.44,NA,28.268098555754452,5.18069005991972,147.3272497547939,0.99575,FALSE,coli
2020-06-15,0,4.96,NA,26.55386060737898,4.942740657987465,146.6003897970956,0.9945,FALSE,coli
2020-06-16,0.5,4.79,NA,27.93931214239302,4.648397181882495,164.33361190073762,0.99125,FALSE,coli
2020-06-17,25,4.75,NA,210.43293499795732,33.7881862177043,1323.5997150812877,0.805,FALSE,coli
2020-06-18,0,5.85,NA,139.43972222313985,24.856228591527,796.5849875935105,0.89025,FALSE,coli
2020-06-19,0,5.89,NA,97.99391793427533,18.110359741271253,557.4226833448552,0.9405,FALSE,coli
2020-06-20,0,5.58,NA,69.89412694062028,12.189661728586834,378.3483848632818,0.971,FALSE,coli
2020-06-21,0,5.19,NA,56.19453293880528,9.51794549757062,308.15398612821673,0.979,FALSE,coli
2020-06-22,0,4.75,NA,47.82461152627998,8.856373483358537,265.09569257849745,0.98475,FALSE,coli
2020-06-23,0,4.4,130,39.872506461259896,7.154864660018068,223.42910223125426,0.98975,TRUE,coli
2020-06-24,0,4.15,NA,36.66636992603344,6.647600281889289,196.55911868679183,0.99025,FALSE,coli
2020-06-25,0,4.24,NA,37.2042251924444,6.241605201154255,212.6846885657401,0.98675,FALSE,coli
2020-06-26,0,3.99,NA,33.57222853108832,5.880743531531979,198.6968783600732,0.991,FALSE,coli
2020-06-27,0,3.51,NA,30.835398195753726,5.64195829285587,176.46000310404241,0.992,FALSE,coli
2020-06-28,0,3.22,NA,29.381144897450948,5.3565892861047715,164.2213013827003,0.9915,FALSE,coli
2020-06-29,9.9,3.01,NA,60.86965542352681,10.507891415022243,351.67273129676113,0.97025,FALSE,coli
2020-06-30,26.3,5.62,NA,644.924183010113,95.87762029798122,4124.3611549955685,0.4055,FALSE,coli
2020-07-01,1.4,12.1,NA,593.3322863980021,103.67337937632243,3469.1810323698496,0.44075,FALSE,coli
2020-07-02,1.4,14.54,NA,411.847562289629,71.84472736293873,2346.8931168603485,0.57675,FALSE,coli
2020-07-03,0,11.18,NA,221.3384440133566,39.67514070824806,1307.1652892857132,0.79275,FALSE,coli
2020-07-04,10.5,10.02,NA,341.44934009357064,56.5163710078371,1992.5485798030907,0.63975,FALSE,coli
2020-07-05,11.1,13.46,NA,637.3378503401667,117.32741447142449,3421.17578766411,0.39,FALSE,coli
2020-07-06,0.3,22.7,NA,553.3233480383263,100.27456322743264,3091.9794825479453,0.4555,FALSE,coli
2020-07-07,3.2,21.06,NA,432.22958760883694,78.69361049964469,2423.7978197065486,0.55825,FALSE,coli
2020-07-08,1.3,17.29,NA,285.63219615527987,51.764193125572824,1550.0126239439971,0.7225,FALSE,coli
2020-07-09,0.4,15.22,NA,187.93299860432765,33.64690549448617,1041.071820445011,0.835,FALSE,coli
2020-07-10,7.7,13.8,NA,266.9005282379315,46.9742044369583,1451.1536623292434,0.73575,FALSE,coli
2020-07-11,5.7,16.67,NA,345.3076626017692,59.416714445603105,1942.7930714586423,0.6535,FALSE,coli
2020-07-12,0,31.28,NA,371.3246256825714,65.56367904920515,2127.446020346023,0.61725,FALSE,coli
2020-07-13,18.6,25.95,1400,1085.5482241982047,189.13545481813304,6382.896995758401,0.22375,TRUE,coli
2020-07-14,0,25.16,NA,554.0003290420549,101.14230003342168,3049.215550954962,0.45725,FALSE,coli
2020-07-15,0,21.01,250,323.04828847781334,59.82860973831178,1822.8048846559755,0.67725,TRUE,coli
2020-07-16,0,18.12,NA,206.40739824785413,37.219051766250935,1162.980590410208,0.81275,FALSE,coli
2020-07-17,0,16.62,NA,153.63909374827867,26.68419592992304,879.7927056667304,0.87575,FALSE,coli
2020-07-18,0,14.98,NA,121.57078137779828,20.428512174085277,785.2368779881155,0.907,FALSE,coli
2020-07-19,0,13.15,NA,96.06192788321599,16.303746116471487,602.4137079627233,0.9355,FALSE,coli
2020-07-20,0,11.76,47,80.83821884845429,14.052910351046151,487.3240049610992,0.95125,TRUE,coli
2020-07-21,0,10.45,NA,69.55347138653539,13.104384878738472,419.1046787257607,0.961,FALSE,coli
2020-07-22,0,9.38,NA,61.34014358486268,10.917960957893573,353.72523687040217,0.971,FALSE,coli
2020-07-23,1.7,8.14,NA,60.86341373280106,10.736616439191517,352.1275769963694,0.96825,FALSE,coli
2020-07-24,3.7,7.39,NA,71.79163119283498,13.450865802830487,389.28603075547124,0.96825,FALSE,coli
2020-07-25,1.5,7.67,NA,74.4636560804865,12.960266066318432,422.200080580367,0.96375,FALSE,coli
2020-07-26,0,7.83,NA,66.20245473819163,11.792646634353924,388.2667180476589,0.969,FALSE,coli
2020-07-27,7.9,7.72,NA,114.03953554201529,19.347033254888423,658.651047498377,0.9235,FALSE,coli
2020-07-28,7.4,8.15,NA,166.780003670075,29.16021594272716,906.3129515645506,0.8645,FALSE,coli
2020-07-29,15,8.95,NA,433.0107619244169,72.57455161316724,2442.752240506349,0.55825,FALSE,coli
2020-07-30,0,11.96,NA,287.2241069421679,53.21955883838885,1609.0652719382438,0.72075,FALSE,coli
2020-07-31,0,14.36,NA,222.1613348030832,39.89489154756343,1232.353135170667,0.793,FALSE,coli
2020-08-01,0,12.84,NA,152.55490918837054,28.200365506723085,884.2539035055361,0.87775,FALSE,coli
2020-08-02,1,11.43,NA,123.67872792225047,22.519179705054892,749.6370034573035,0.90625,FALSE,coli
2020-08-03,8.3,10.95,91,202.62711497945978,37.28191166576024,1102.7910525069035,0.81825,TRUE,coli
2020-08-04,0.3,11.07,NA,150.33760775038635,28.09779844364573,824.6395136870096,0.8805,FALSE,coli
2020-08-05,0.1,10.56,NA,114.00776466890875,20.800257020558536,653.1343999750011,0.923,FALSE,coli
2020-08-06,0,9.62,NA,93.0902196474939,16.802303231400526,578.1629966484352,0.93775,FALSE,coli
2020-08-07,0,8.71,NA,76.62956687581557,14.252549709417556,450.1075421592484,0.957,FALSE,coli
2020-08-08,0,7.62,NA,62.916406168050834,11.221647767691005,353.5488090834201,0.9715,FALSE,coli
2020-08-09,0,6.57,NA,54.138017214749816,9.334972844205332,340.8141505984768,0.972,FALSE,coli
2020-08-10,0,6.12,NA,49.58106050254725,9.070471677255322,304.38284705394113,0.97575,FALSE,coli
2020-08-11,0,5.74,NA,45.834878056227595,7.828737696861996,265.2874542070984,0.9815,FALSE,coli
2020-08-12,4.7,5.4,NA,62.046426973912965,10.846424466952662,340.32752846862576,0.9745,FALSE,coli
2020-08-13,0,6.13,NA,59.89828576253869,10.464078088854025,318.0976401186752,0.97525,FALSE,coli
2020-08-14,0,5.43,NA,51.62510952494044,9.454802194725278,289.8449352669954,0.98075,FALSE,coli
2020-08-15,0,5.06,NA,44.38484572680235,7.787171276029697,251.1928784781609,0.982,FALSE,coli
2020-08-16,0,4.77,NA,40.04945494165855,6.969480885507505,224.32011860432243,0.9865,FALSE,coli
2020-08-17,0,4.49,NA,37.417994456942054,6.26584351733568,211.64181186898495,0.98825,FALSE,coli
2020-08-18,0,4.28,NA,35.89974679419653,6.255557411691709,218.98759119526358,0.989,FALSE,coli
2020-08-19,0,4.12,NA,33.05613494811837,5.718485862862482,190.13801636492184,0.99225,FALSE,coli
2020-08-20,0,3.99,NA,31.40406315680313,5.1995767594605065,181.2376311800528,0.99125,FALSE,coli
2020-08-21,1.9,3.93,NA,35.92235126777341,6.593636629412685,188.20470458393086,0.99175,FALSE,coli
2020-08-22,13.8,4.23,NA,108.24664798070215,20.133692817928488,641.7172178439845,0.92775,FALSE,coli
2020-08-23,20.5,8,NA,605.5576362611137,95.05268860526189,3665.6149815407157,0.427,FALSE,coli
2020-08-24,8,8.75,2000,592.2406684419966,96.58663163001877,3392.88365679699,0.4275,TRUE,coli
2020-08-25,0.3,8.54,NA,304.2079504505477,52.54884150857456,1720.9810346908157,0.6905,FALSE,coli
2020-08-26,0.8,7.74,NA,174.36241546586035,31.225853441088315,941.6232461969676,0.8555,FALSE,coli
2020-08-27,0,6.7,86,102.93217093265845,18.117754403788176,576.9668889006301,0.936,TRUE,coli
2020-08-28,0,6.04,NA,75.33784290380495,12.742922963999552,465.7874730139802,0.95625,FALSE,coli
2020-08-29,12.2,5.42,NA,147.87473348588864,24.607570908162824,945.3374709349446,0.87825,FALSE,coli
2020-08-30,2.9,7.69,NA,157.30790803672986,27.407345106158477,939.8908838053735,0.8665,FALSE,coli
2020-08-31,1,10.15,NA,136.42518539152357,23.899974651840477,801.025417897264,0.89325,FALSE,coli
2021-06-01,0,19.09,44,59.38438730227715,9.99354641637879,378.9015866141963,0.97075,TRUE,coli
2021-06-02,0,16.04,NA,46.552932964557215,7.774550247534362,276.58488844319186,0.98,FALSE,coli
2021-06-03,0,14.29,NA,40.59109632974398,6.884433464406735,253.18244720291696,0.98375,FALSE,coli
2021-06-04,0,13.09,NA,35.907859379328855,6.357102292341543,204.25386434619332,0.99075,FALSE,coli
2021-06-05,0,11.07,NA,32.403618896447966,5.278742264212846,189.1218887393464,0.99175,FALSE,coli
2021-06-06,13.1,10.2,NA,90.20569720639556,15.574487482007298,535.7587503898727,0.9425,FALSE,coli
2021-06-07,0.2,9.76,NA,66.05742377861833,11.887637844991996,379.4842637769796,0.9715,FALSE,coli
2021-06-08,0,9.11,NA,50.17150698973926,9.497285915022983,281.34831998495525,0.981,FALSE,coli
2021-06-09,0,8.56,NA,42.68741351511699,8.277766099340734,238.1042035994972,0.9855,FALSE,coli
2021-06-10,0,8.13,NA,36.904791508169495,6.323838227306849,198.95414898007172,0.98975,FALSE,coli
2021-06-11,0,7.42,NA,33.20677329907472,6.309381836871848,184.8620946119427,0.99175,FALSE,coli
2021-06-12,5,6.87,NA,46.73191832951295,8.100481020828669,257.86473984106175,0.98475,FALSE,coli
2021-06-13,0.2,8.13,NA,47.72123191550431,8.618272879750345,276.8867904732609,0.979,FALSE,coli
2021-06-14,0.5,8.18,NA,46.010882377373164,8.49945269932984,243.18919938923457,0.988,FALSE,coli
2021-06-15,0,8.18,88,43.27525028174416,8.09028270245373,234.85169436355582,0.98975,TRUE,coli
2021-06-16,0,6.66,NA,37.0889827363608,6.994375942660045,202.51033715470842,0.989,FALSE,coli
2021-06-17,0,6.11,NA,33.27095165180017,6.261897662912672,174.84855733273542,0.992,FALSE,coli
2021-06-18,0,5.78,NA,32.21378470450902,6.019594133147954,166.59065477697212,0.993,FALSE,coli
2021-06-19,0,5.4,NA,31.273690555534486,5.834777453303303,175.51383730244476,0.99075,FALSE,coli
2021-06-20,0,5.29,NA,31.40061970791397,6.049831975275202,177.87933868638754,0.99075,FALSE,coli
2021-06-21,0,4.85,35,29.509204571312313,5.254670159397015,153.08054821408547,0.99525,TRUE,coli
2021-06-22,0,4.75,NA,30.315816455905903,5.651040032285031,160.0509254315182,0.99275,FALSE,coli
2021-06-23,11.7,4.85,NA,82.26554129455869,14.869428906036019,464.815747605515,0.95725,FALSE,coli
2021-06-24,0,5.4,1600,69.59957756911213,12.499893617355964,382.14728962634155,0.96625,TRUE,coli
2021-06-25,0,5.62,NA,59.863436560133685,11.264836236963715,318.0207915144768,0.97825,FALSE,coli
2021-06-26,0,5.29,NA,50.79924977470341,9.05238836137091,261.83483825220156,0.98525,FALSE,coli
2021-06-27,0,6.6,NA,55.78010109818405,9.96057564932416,315.67174722656955,0.9755,FALSE,coli
2021-06-28,0,5.18,NA,44.90152222415748,8.285210912358316,233.49193490023097,0.98575,FALSE,coli
2021-06-29,0,4.53,NA,39.00854489712106,7.322711801178477,210.9610477259212,0.99075,FALSE,coli
2021-06-30,8,4.31,61,70.44352168113059,13.076581238452622,373.6463359084476,0.96975,TRUE,coli
2021-07-01,0,3.86,NA,54.68843557732619,9.977794545751147,305.32992972244296,0.981,FALSE,coli
2021-07-02,0,3.75,NA,44.85469982716323,8.532194837695734,250.52445867483615,0.98475,FALSE,coli
2021-07-03,0,3.64,NA,39.26029168275566,7.297512764580684,209.48275064446509,0.99025,FALSE,coli
2021-07-04,0,3.43,NA,35.85034276473758,6.136809553216642,200.08772352909818,0.98825,FALSE,coli
2021-07-05,0,3.22,NA,31.500878944983317,5.623215076582225,174.2486540148723,0.993,FALSE,coli
2021-07-06,0.3,3.22,31,31.52911463823407,5.745755256428333,184.5817157968148,0.99025,TRUE,coli
2021-07-07,1.4,3.22,NA,34.12295294872684,6.13385723912763,182.0897428766734,0.99175,FALSE,coli
2021-07-08,1.1,3.22,NA,35.50932568343653,6.512035887708666,210.7746417068206,0.99,FALSE,coli
2021-07-09,0,3.33,NA,34.397400934164416,6.419648798057799,181.18623300488557,0.99,FALSE,coli
2021-07-10,0,3.22,NA,31.48446930126392,5.836383068258588,175.75112856014167,0.99225,FALSE,coli
2021-07-11,0,3,NA,28.35992334663777,4.996033528628571,156.9479518467486,0.99475,FALSE,coli
2021-07-12,0,2.95,NA,27.7201648340098,5.362738381579189,160.09767805493627,0.99325,FALSE,coli
2021-07-13,0,2.84,23,26.367684955309688,4.690784007287617,148.93067802503853,0.9945,TRUE,coli
2021-07-14,0,2.84,NA,25.64020003107976,4.918322448516632,142.13255799937488,0.9935,FALSE,coli
2021-07-15,0,2.73,NA,23.97732595241984,4.690686423894186,137.67808234198773,0.99375,FALSE,coli
2021-07-16,0,2.73,NA,23.599797335977765,3.8645236082639487,131.86719626470557,0.994,FALSE,coli
2021-07-17,0,2.73,NA,23.527776078305084,4.311120437722095,130.31620457403548,0.993,FALSE,coli
2021-07-18,0.6,2.62,NA,23.51840125166827,4.256034928059807,132.42724319910153,0.99325,FALSE,coli
2021-07-19,0,2.62,NA,23.089760389025795,4.255496925326958,131.319696725215,0.99425,FALSE,coli
2021-07-20,2.6,2.62,NA,27.93306045608453,5.045859906159654,146.37739434409247,0.993,FALSE,coli
2021-07-21,0,2.62,NA,25.653799019705705,4.689443363274959,138.2481615017092,0.99475,FALSE,coli
2021-07-22,0,2.62,NA,25.018898146956,4.223699453669965,143.44375374586824,0.9935,FALSE,coli
2021-07-23,0,2.62,NA,23.472227398265918,4.227303671409016,130.28816952835376,0.994,FALSE,coli
2021-07-24,0,2.55,NA,22.065534611824756,3.8355718410980657,119.58955710168851,0.9935,FALSE,coli
2021-07-25,0,2.55,NA,21.515336177001448,3.9294753675160474,119.0752600242476,0.99625,FALSE,coli
2021-07-26,0,2.51,NA,21.266311052046706,3.7447842684101262,119.52185468805958,0.99625,FALSE,coli
2021-07-27,17,2.51,6,82.8939630190499,14.005022575919643,470.57626901254304,0.9555,TRUE,coli
2021-07-28,11,3.11,NA,160.98953814882512,27.5930335444066,1005.8238161810768,0.8635,FALSE,coli
2021-07-29,0,3.55,NA,104.5778352878679,18.03542862162638,605.4370627814787,0.931,FALSE,coli
2021-07-30,10,3.87,110,161.69527200355188,25.19303773067354,984.8617046460063,0.856,TRUE,coli
2021-07-31,3.3,5.02,NA,158.93369255308426,26.37456137491088,950.0929816134403,0.86775,FALSE,coli
2021-08-01,0,5.18,NA,105.85575940596203,18.63637161339552,576.4574644325536,0.9355,FALSE,coli
2021-08-02,0.2,5.73,NA,86.2759279317056,15.550244235572977,491.69769140084105,0.952,FALSE,coli
2021-08-03,0.2,4.58,NA,63.60387879666131,11.782467937845867,358.5577646770913,0.971,FALSE,coli
2021-08-04,0,4.25,NA,49.62619027037398,8.638925359975943,264.8779112234881,0.9835,FALSE,coli
2021-08-05,0,3.87,NA,40.44812650349386,7.568655948691214,232.57914079615847,0.98575,FALSE,coli
2021-08-06,0,3.65,NA,35.851608269945494,6.043075550280384,202.12277927439294,0.9905,FALSE,coli
2021-08-07,13,3.65,NA,96.18510921567508,16.380083848975005,527.9705532996124,0.94425,FALSE,coli
2021-08-08,4,4.25,NA,106.73041080985665,19.63249456543883,615.4352478160671,0.931,FALSE,coli
2021-08-09,0.8,5.24,NA,92.95649942518754,16.895557671584115,502.80922554890213,0.949,FALSE,coli
2021-08-10,0,6.55,NA,85.2530529980598,15.110290133353411,484.0170063211837,0.953,FALSE,coli
2021-08-11,0,6,44,66.2600905156351,12.662366348482374,361.7610625164105,0.97175,TRUE,coli
2021-08-12,0,5.46,NA,55.43532076855996,10.35975316767395,312.45943925849707,0.97675,FALSE,coli
2021-08-13,4.8,5.46,NA,75.1854912089743,13.53923821550927,418.5260283374876,0.9605,FALSE,coli
2021-08-14,5.2,6.71,NA,110.28912116780874,19.227654681677276,588.0006785660365,0.9325,FALSE,coli
2021-08-15,0.2,11.13,NA,123.50628545436214,22.799467471724,660.7233877869897,0.91975,FALSE,coli
2021-08-16,14.5,14.73,NA,405.8151172262234,73.42175473784619,2156.4291914829955,0.583,FALSE,coli
2021-08-17,7.9,13.96,NA,469.8718676555436,83.191477329487725,2825.3865398071307,0.52925,FALSE,coli
2021-08-18,12.4,21.49,1700,1027.3784856300113,186.8930487882067,5984.441948471249,0.236,TRUE,coli
2021-08-19,12,39.82,NA,2183.7635308062004,362.4000620176677,12841.851273241213,0.08,FALSE,coli
2021-08-20,0,43.09,1100,1074.1134946819027,189.70453546960385,6180.643100807,0.21875,TRUE,coli
2021-08-21,11.7,28.91,NA,1202.8045005661745,214.8249511458031,6777.9128835845995,0.1945,FALSE,coli
2021-08-22,0,21.06,NA,512.336398757309,88.75418709687395,3159.716477017363,0.482,FALSE,coli
2021-08-23,0,16.8,74,267.8276630573767,47.76816152273793,1601.184455826635,0.7455,TRUE,coli
2021-08-24,9.6,13.69,NA,350.33856353466166,62.69424142365446,1992.7477895861489,0.643,FALSE,coli
2021-08-25,30.5,19.42,NA,3155.929422697255,459.8614209810682,22352.40618106759,0.05675,FALSE,coli
2021-08-26,5.4,88.37,NA,5112.458800378202,733.5458472183773,31290.25508623495,0.02925,FALSE,coli
2021-08-27,0,87.28,NA,2183.3284365933628,344.50414117181913,14226.902036321802,0.0895,FALSE,coli
2021-08-28,0,57.6,NA,894.0925074496557,140.4199634312009,5919.789080534181,0.29075,FALSE,coli
2021-08-29,0,43.31,NA,450.0870586126852,74.11022899566011,2887.877906501913,0.54525,FALSE,coli
2021-08-30,0,32.18,NA,258.42169377452325,39.40528871976778,1597.9363856850416,0.73075,FALSE,coli
2021-08-31,0,23.89,NA,163.882268187308,25.205906794937373,1049.3759020462,0.84925,FALSE,coli
2022-06-01,10.5,22.47,NA,215.14453386655313,34.31953235541463,1291.4473253202273,0.792,FALSE,coli
2022-06-02,14.2,30.55,410,528.9102808641396,88.76193957339349,3347.354762868025,0.48,TRUE,coli
2022-06-03,0,60.55,NA,496.9576082582445,77.82626611855028,3129.022511646548,0.49975,FALSE,coli
2022-06-04,0.4,51.82,NA,296.3696073512442,45.783844641937286,1873.6903453286009,0.687,FALSE,coli
2022-06-05,0,37.42,NA,173.39734994107968,29.068126605382933,1044.9606535624653,0.84,FALSE,coli
2022-06-06,0,28.04,NA,118.54695114610853,20.184026700780734,761.7154175902539,0.9035,FALSE,coli
2022-06-07,2.3,22.15,NA,101.50173596523896,17.369629430780233,615.4821707761306,0.9315,FALSE,coli
2022-06-08,0,18.66,NA,77.5509848211969,13.506288230478695,443.8768102940088,0.96025,FALSE,coli
2022-06-09,0,16.15,NA,66.48328245362639,11.457864742544274,406.82141554479585,0.96525,FALSE,coli
2022-06-10,0,14.4,NA,59.331840889487204,10.23389442594514,335.6734143174345,0.976,FALSE,coli
2022-06-11,0,13.09,NA,54.16480949460499,9.497003754290912,334.13439985428585,0.974,FALSE,coli
2022-06-12,0,11.62,NA,47.51437173257709,8.135222101976735,279.3025916465402,0.98325,FALSE,coli
2022-06-13,0,10.86,NA,45.86414565828937,7.860248360040098,251.88809370323946,0.9845,FALSE,coli
2022-06-14,0.1,9.98,NA,44.982509433763454,8.475834330934012,253.3858485976965,0.98275,FALSE,coli
2022-06-15,0,9.33,NA,43.60267989019347,7.858514344371916,230.9223165493608,0.98675,FALSE,coli
2022-06-16,0,7.64,36,37.85363844476337,6.567176590073487,209.3398921365548,0.98975,TRUE,coli
2022-06-17,0.1,7.09,NA,36.98150630342413,6.685747091030129,220.43612927956622,0.9845,FALSE,coli
2022-06-18,9.7,7.42,NA,87.15492163297365,16.733737068601865,483.42415934902056,0.95225,FALSE,coli
2022-06-19,0,8.4,NA,79.72294606522584,14.781159563690021,473.66292275878226,0.953,FALSE,coli
2022-06-20,2.4,8.73,NA,87.65074250422958,16.61785895215945,471.71127927489385,0.95325,FALSE,coli
2022-06-21,0,8.4,180,71.82376873420787,12.905799454040558,407.41250238214695,0.96625,TRUE,coli
2022-06-22,0,7.42,NA,61.337251040591006,11.200656367715004,350.04584085648736,0.973,FALSE,coli
2022-06-23,0,6.55,NA,53.19874783457982,10.192761381634071,273.8046103703426,0.9815,FALSE,coli
2022-06-24,0,6,NA,47.14019197786852,8.837129952750844,251.08440831426913,0.98675,FALSE,coli
2022-06-25,0,5.4,NA,44.02933153284945,7.732749060759339,238.28858706280042,0.98675,FALSE,coli
2022-06-26,0,4.96,NA,40.343885744350615,6.770738753646352,225.35924532184958,0.9885,FALSE,coli
2022-06-27,0,4.85,83,39.45920896301996,7.219363118044914,212.22923146714905,0.98925,TRUE,coli
2022-06-28,0,4.64,NA,39.424347159082615,7.168528644970449,220.0593971395282,0.98825,FALSE,coli
2022-06-29,0,4.31,NA,36.28253291303014,6.526081586535168,192.77707372326694,0.99025,FALSE,coli
2022-06-30,0,4.31,23,37.478045291220624,7.0176686913868025,193.7500000846615,0.99175,TRUE,coli
2022-07-01,0,4.2,NA,37.824825769134726,7.229131199399397,203.38913102731266,0.98725,FALSE,coli
2022-07-02,0,3.98,NA,36.09466028972318,6.551020238825384,188.97300277841705,0.98975,FALSE,coli
2022-07-03,0,3.98,NA,36.21041095687637,6.641272821126481,195.7147264916809,0.988,FALSE,coli
2022-07-04,0,3.87,51,35.21405589609291,6.44852091076417,178.10872199999775,0.9915,TRUE,coli
2022-07-05,0.1,3.87,NA,35.6544432339149,6.3561200574334205,196.32426639083158,0.9915,FALSE,coli
2022-07-06,0,3.76,NA,34.66969535429475,6.225071422180852,182.27035210356897,0.9925,FALSE,coli
2022-07-07,0,4.42,NA,38.792350580480765,6.587221331665044,224.82142859292148,0.98475,FALSE,coli
2022-07-08,0,3.98,NA,37.70538544242516,6.870812450142696,211.16613946712442,0.99075,FALSE,coli
2022-07-09,1.4,3.87,NA,40.61969943391725,7.3859198462547795,238.41582345186035,0.98275,FALSE,coli
2022-07-10,0,4.09,NA,39.10777679038693,7.0157416542092745,228.5569617784428,0.98875,FALSE,coli
2022-07-11,0,4.58,25,43.26327436041228,8.065601030754037,246.36585501853295,0.98325,TRUE,coli
2022-07-12,0.3,4.8,NA,43.1960306653563,7.917298688422143,234.2427058525064,0.986,FALSE,coli
2022-07-13,16.9,4.58,NA,156.95864189584663,28.278918617279288,820.0248143510079,0.87925,FALSE,coli
2022-07-14,3.6,6.55,NA,182.16187419454786,32.2229192573381,982.6042084345356,0.839,FALSE,coli
2022-07-15,0,9.11,NA,153.43473458371028,27.06982639982721,808.361975793289,0.88225,FALSE,coli
2022-07-16,0.9,9.11,NA,130.56585821881944,23.994868446629816,750.8250548357832,0.904,FALSE,coli
2022-07-17,7.6,7.96,NA,173.14999030028142,29.912010535562406,978.2944965787945,0.86075,FALSE,coli
2022-07-18,0.2,6.87,NA,110.44200713921803,21.035389227234525,603.6219123648218,0.9295,FALSE,coli
2022-07-19,6.4,6.11,NA,129.72405709556378,22.564406919391164,708.2423517475294,0.905,FALSE,coli
2022-07-20,0,5.56,NA,92.24017305716963,16.97487654559788,513.7905126999534,0.94775,FALSE,coli
2022-07-21,0,4.85,NA,65.71595146267516,11.332384612473437,375.99288289576657,0.96675,FALSE,coli
2022-07-22,1.2,4.42,NA,58.66651817381202,11.111885782192646,337.7372490500679,0.97175,FALSE,coli
2022-07-23,0,4.31,NA,49.57868148336401,8.770407085084306,268.51241268298213,0.98375,FALSE,coli
2022-07-24,0.7,4.09,NA,45.82608153380683,8.495954258576651,260.09897426972117,0.98425,FALSE,coli
2022-07-25,0,4.09,NA,40.390969549825364,7.300596609465952,218.95782432741743,0.989,FALSE,coli
2022-07-26,3.7,4.09,29,51.68145004140006,9.02171473949944,291.97981131896023,0.97875,TRUE,coli
2022-07-27,0,4.15,NA,45.533458406264785,8.147875535028748,254.54437781409484,0.98375,FALSE,coli
2022-07-28,0.6,4.11,NA,43.78070089456611,7.740015344963244,224.37963674736363,0.98575,FALSE,coli
2022-07-29,0,4.08,NA,40.515896358232645,7.998464925277175,223.9102381193429,0.99,FALSE,coli
2022-07-30,1.4,3.97,NA,43.00532839631464,8.093285259322663,231.39699748220295,0.98625,FALSE,coli
2022-07-31,3.5,3.87,NA,50.273035033467174,9.282701089988606,266.7661293647854,0.98375,FALSE,coli
2022-08-01,0,4.04,NA,46.79427907291476,8.473495344630127,272.3134033686946,0.98075,FALSE,coli
2022-08-02,0,3.87,NA,41.4079708819714,7.692099534568485,241.4714164382896,0.98575,FALSE,coli
2022-08-03,0,3.82,NA,38.92603982646254,7.313708297364694,214.50170457688446,0.987,FALSE,coli
2022-08-04,0,3.33,NA,33.43584173797348,6.077846024883664,195.26038797132517,0.9915,FALSE,coli
2022-08-05,0.2,3.33,NA,33.15375999119484,6.156395149700829,188.88572712793518,0.991,FALSE,coli
2022-08-06,2,3.55,NA,39.282466167326284,7.2088743479131985,215.45046635995826,0.99,FALSE,coli
2022-08-07,0,3.55,NA,38.16652706942493,7.1185733163949205,227.5252241934733,0.99,FALSE,coli
2022-08-08,25.6,3.55,NA,281.56628324734714,42.53566024687859,1812.9431734109126,0.7015,FALSE,coli
2022-08-09,0,3.55,NA,153.3593476962896,27.65654841860262,898.8069556236961,0.87025,FALSE,coli
2022-08-10,0,3.33,34,93.21965591214993,16.189065209554457,505.80508711579444,0.94875,TRUE,coli
2022-08-11,0,3.33,NA,66.95552285406382,12.100968285719704,372.73727865331807,0.972,FALSE,coli
2022-08-12,0,3.22,NA,52.26848105433466,8.892360685669912,305.52578659388695,0.97875,FALSE,coli
2022-08-13,0,3.22,NA,46.013393614080805,8.030524692215986,254.20348574461718,0.984,FALSE,coli
2022-08-14,0,3.11,NA,39.68854541198816,7.6273245300763355,221.9935186545836,0.9875,FALSE,coli
2022-08-15,0,3.11,NA,35.25764319095943,6.5073735469947795,213.8751948621076,0.988,FALSE,coli
2022-08-16,0,3.11,NA,33.28889543566317,5.987400355752678,179.3655020034237,0.991,FALSE,coli
2022-08-17,0.2,3,NA,32.035027108265716,6.106888868078941,190.19347865625613,0.98975,FALSE,coli
2022-08-18,0,3,NA,29.669364563881892,5.282236956063011,173.70779676979512,0.99225,FALSE,coli
2022-08-19,0,3.11,NA,29.561232559409422,5.335038679896035,164.67126043686056,0.9935,FALSE,coli
2022-08-20,0,3,NA,28.382650588169263,4.920456288429715,158.9879020853205,0.993,FALSE,coli
2022-08-21,0.6,2.89,NA,28.375528177209166,4.754678046140394,167.7537185910198,0.99425,FALSE,coli
2022-08-22,3.8,3,NA,38.37870225237021,6.73029213099183,230.50967458505957,0.985,FALSE,coli
2022-08-23,0,3.1,NA,34.71668691501169,6.576411785446255,195.0678571547772,0.99,FALSE,coli
2022-08-24,0.1,3,60,31.18300476840049,5.610951529330211,176.89742241161875,0.99025,TRUE,coli
2022-08-25,0,3.22,NA,30.552531780423315,4.979030394505005,178.62791140050717,0.99075,FALSE,coli
2022-08-26,0,2.95,NA,27.47605511490416,4.769403588899079,171.9194011834414,0.98925,FALSE,coli
2022-08-27,0,2.77,NA,24.362644110124783,4.168229599715467,137.88787790301808,0.99525,FALSE,coli
2022-08-28,13.1,2.66,NA,65.9975982290319,10.10106252989675,404.3412849367612,0.96575,FALSE,coli
2022-08-29,0,3.27,NA,56.98353553499298,9.958471027803807,328.0843960468457,0.97575,FALSE,coli
2022-08-30,0,3.27,NA,43.49799619881995,7.686849424108814,243.6032218756473,0.984,FALSE,coli
2022-08-31,0,3.55,NA,39.45309642835148,6.789594150462372,228.38146806018295,0.98825,FALSE,coli
2023-06-01,0,4.93,12,14.059031343065158,2.402036198966032,82.79849155021056,0.997,TRUE,coli
2023-06-02,0.7,4.6,NA,14.788856812987785,2.554999646529785,89.23709449821747,0.9975,FALSE,coli
2023-06-03,0,5.15,NA,16.14400014213232,2.9519780426976063,97.62808373146545,0.99725,FALSE,coli
2023-06-04,0,5.5,NA,16.645913514162867,3.0153432414572126,94.18763064088604,0.9975,FALSE,coli
2023-06-05,0,4.22,NA,14.611318919313014,2.7266755336953166,89.38179510320543,0.99775,FALSE,coli
2023-06-06,0.3,3.92,NA,14.785424111083117,2.7203957984147085,84.66143775396228,0.9975,FALSE,coli
2023-06-07,0,3.88,NA,14.939096885776483,2.586776691041203,84.12771445491906,0.9975,FALSE,coli
2023-06-08,0.1,3.71,NA,15.272217717239197,2.638387277411659,88.88324496204864,0.99675,FALSE,coli
2023-06-09,0,3.81,NA,15.446850943240944,2.7747600704601147,81.75739628962454,0.9975,FALSE,coli
2023-06-10,0,3.87,NA,16.697001353632455,3.161560423967753,90.99799522066911,0.9965,FALSE,coli
2023-06-11,0,3.77,NA,17.126955621800303,3.194228732711365,94.1075375578091,0.998,FALSE,coli
2023-06-12,0,3.73,NA,17.2465645112932,3.118155101356505,95.18302615918982,0.99625,FALSE,coli
2023-06-13,0,3.44,NA,17.147582404462746,3.1780386003261887,90.83450973500271,0.9975,FALSE,coli
2023-06-14,0,3.44,15,17.60586521666015,3.228932371944123,96.1626053028017,0.99675,TRUE,coli
2023-06-15,0,3.29,NA,17.600096981488175,3.218148367671277,99.08073350637649,0.99725,FALSE,coli
2023-06-16,0,3.19,NA,18.220277891709287,3.305720057483649,103.54997285440515,0.996,FALSE,coli
2023-06-17,0,3.19,NA,18.628744275507316,3.3849684612253195,98.30445049783854,0.99625,FALSE,coli
2023-06-18,0,2.96,NA,18.774763442194946,3.4520564340602706,103.64542151703091,0.99475,FALSE,coli
2023-06-19,0,2.95,17,18.736577740294603,3.3528212698037008,97.30463119852047,0.997,TRUE,coli
2023-06-20,0,2.84,NA,19.46855881215082,3.575251342269485,116.96131921447494,0.99525,FALSE,coli
2023-06-21,0,2.84,NA,20.35503229826497,3.6980328656954455,114.15309994303166,0.998,FALSE,coli
2023-06-22,0.7,2.84,NA,22.49946285180502,4.400809348568396,125.87917387045071,0.99475,FALSE,coli
2023-06-23,0,2.86,NA,22.724460031646025,3.984787308325278,130.71232819097492,0.9945,FALSE,coli
2023-06-24,0,2.75,NA,22.29009471657951,4.17819140229785,121.96273880363538,0.995,FALSE,coli
2023-06-25,0.6,2.79,NA,23.887559408468388,4.281666856238168,134.67382134864658,0.99275,FALSE,coli
2023-06-26,0,2.9,NA,24.310495150672065,4.339513587807575,141.04326100380993,0.99475,FALSE,coli
2023-06-27,0,2.87,NA,24.866054197086527,4.653149649275562,133.31670569977268,0.99425,FALSE,coli
2023-06-28,0,2.98,NA,25.815932029328636,4.63813798998826,145.30457427337544,0.9955,FALSE,coli
2023-06-29,0,3.01,NA,25.51802155624211,4.904204275764086,134.09352842535296,0.995,FALSE,coli
2023-06-30,0,3.63,NA,29.64914164456102,5.30198665629931,174.9207119794127,0.99025,FALSE,coli
2023-07-01,5.3,4.34,NA,53.328868743449014,9.54084098101939,293.5056380862149,0.9815,FALSE,coli
2023-07-02,3.9,7.42,NA,92.03410306265063,16.529897815671664,537.567344888903,0.94475,FALSE,coli
2023-07-03,13.2,6.62,520,212.9012888722176,38.73339611842036,1131.0944260216077,0.806,TRUE,coli
2023-07-04,0.5,6.39,NA,141.41921376126749,25.570028812543338,796.5480143344491,0.8925,FALSE,coli
2023-07-05,0,5.78,56,98.1670987586619,18.09700268594716,557.1252041629219,0.93725,TRUE,coli
2023-07-06,1.6,4.73,NA,75.48749059387008,14.5776001623169,372.14917875768407,0.96975,FALSE,coli
2023-07-07,0,4.4,NA,57.72222233167749,10.330921301040169,310.4832816090495,0.9765,FALSE,coli
2023-07-08,19.4,4.31,NA,239.40453898019004,37.53671638558175,1479.467561074091,0.761,FALSE,coli
2023-07-09,0,4.69,NA,148.61225808261798,25.720490265633956,843.8536111553724,0.8805,FALSE,coli
2023-07-10,0,4.3,220,92.55601667396618,16.746149533244438,499.29849522668206,0.95025,TRUE,coli
2023-07-11,0,4.18,NA,69.38917855479042,12.667324089452455,361.130294475841,0.96975,FALSE,coli
2023-07-12,0,4,30,52.60869121389503,9.861027351711853,288.4511912538855,0.98,TRUE,coli
2023-07-13,0,3.61,49,41.75299524901944,7.477178152270482,232.6876719357669,0.986,TRUE,coli
2023-07-14,0,3.38,NA,37.40780739138428,7.00542834039136,206.24199555636977,0.9875,FALSE,coli
2023-07-15,0,3.68,NA,35.70615651749341,6.33463573253374,194.23001583510822,0.98925,FALSE,coli
2023-07-16,6.7,3.49,NA,55.31250101176443,10.09982338607124,293.6149643132429,0.979,FALSE,coli
2023-07-17,0,3.21,NA,41.37615922602546,7.044590383321042,231.35534184707143,0.9845,FALSE,coli
2023-07-18,0.2,3.13,NA,37.37406491123009,6.77469204491958,213.4619110793881,0.989,FALSE,coli
2023-07-19,0.3,3.1,NA,33.366506851502294,6.576680224109626,189.6154952452029,0.99075,FALSE,coli
2023-07-20,0.2,3.08,NA,30.361628275792768,5.835654724680728,156.5233399587974,0.994,FALSE,coli
2023-07-21,1.4,3.14,NA,32.7723943682375,5.847697831714061,185.0985962562029,0.99075,FALSE,coli
2023-07-22,0,2.98,NA,28.799161787823383,5.630715759955653,163.45888738014364,0.9945,FALSE,coli
2023-07-23,0,2.99,NA,27.587083173396294,4.862396295911032,168.32896199902785,0.9915,FALSE,coli
2023-07-24,0.9,3.02,12,28.179689038752656,4.898842521821289,153.28432377900916,0.99225,TRUE,coli
2023-07-25,6.8,2.87,NA,44.230121058197156,7.926833534903667,275.60171214711,0.98125,FALSE,coli
2023-07-26,0,3.19,NA,40.43807221006789,7.370030392753188,230.10090343121303,0.98625,FALSE,coli
2023-07-27,0,3.17,NA,34.704128678910536,6.241580681047313,184.13504151437095,0.99025,FALSE,coli
2023-07-28,0,3.03,NA,31.095950960501998,6.009755819844236,185.70173777979286,0.992,FALSE,coli
2023-07-29,10.5,3.26,NA,69.44055825356257,12.165535606450087,399.0113865834017,0.9665,FALSE,coli
2023-07-30,3.4,3.91,NA,80.16866630324638,13.988032804270691,460.11790509916335,0.9565,FALSE,coli
2023-07-31,8.1,3.79,NA,113.4657774068708,19.885544680650707,704.0871565762734,0.913,FALSE,coli
2023-08-01,20.3,4.42,NA,435.7364812980748,68.52799726534685,2864.9519767358665,0.55575,FALSE,coli
2023-08-02,13.2,6.55,NA,816.0275523736977,124.7201115931635,5556.889160179813,0.32825,FALSE,coli
2023-08-03,9.6,6.7,NA,797.9427872365637,117.66468513855207,5855.102932192548,0.343,FALSE,coli
2023-08-04,2.5,8.91,NA,523.4610686765316,85.00137221432561,3039.3030130873667,0.48075,FALSE,coli
2023-08-05,0,10.77,NA,316.037489449695,53.43770229972636,1712.1682911308333,0.67925,FALSE,coli
2023-08-06,0,9.49,NA,186.5186158722461,35.587229616256494,1053.0764009539523,0.83925,FALSE,coli
2023-08-07,0,8.23,NA,120.84096252388257,22.109421115931102,660.863841813014,0.917,FALSE,coli
2023-08-08,0,7.43,64,88.42105267733771,15.809136078233333,493.3509373516296,0.95125,TRUE,coli
2023-08-09,0,6.59,NA,71.63663081075316,13.051529660182084,401.2909510870383,0.963,FALSE,coli
2023-08-10,6.8,5.63,NA,98.83147267779299,17.78106816857338,520.5749866104478,0.946,FALSE,coli
2023-08-11,0,4.84,NA,68.81039518850872,13.334960936992255,367.5699417330834,0.97025,FALSE,coli
2023-08-12,0,4.51,NA,53.03964445872203,9.296121953184837,295.74084824383107,0.97875,FALSE,coli
2023-08-13,0,4.05,NA,44.860335838241774,8.156498239035452,256.9374492915771,0.98575,FALSE,coli
2023-08-14,0,3.91,NA,39.97047238364161,7.064110011119354,223.82087526670014,0.988,FALSE,coli
2023-08-15,0.9,3.58,NA,37.50084860335251,6.57405301675624,217.34530240083487,0.9875,FALSE,coli
2023-08-16,3.1,3.48,NA,42.261775530089345,7.869823362169023,236.9800536483181,0.98725,FALSE,coli
2023-08-17,0,4.59,NA,46.51308797672569,8.362747022778713,262.6939769582939,0.98225,FALSE,coli
2023-08-18,0,3.77,NA,36.52637933446622,6.479401417835903,211.62989930333086,0.99125,FALSE,coli
2023-08-19,0,3.91,NA,35.93709980355568,6.662275541432776,211.57283831303806,0.99075,FALSE,coli
2023-08-20,0,4.22,NA,34.83325737304381,6.32952466287308,194.91758796258608,0.99275,FALSE,coli
2023-08-21,0.2,3.88,31,31.93594020520228,5.462352740324543,186.9824881851214,0.98975,TRUE,coli
2023-08-22,2.5,4.23,NA,39.47481928518038,6.982626128340522,233.00726992746593,0.9845,FALSE,coli
2023-08-23,0.7,4.22,NA,40.006149191993224,6.83024678345427,226.33242213543156,0.98775,FALSE,coli
2023-08-24,0.1,6.26,NA,47.80309120837374,8.468274895213307,263.7176050524074,0.98,FALSE,coli
2023-08-25,0,7.69,NA,52.02826525938711,9.369638361250695,301.02372672024353,0.979,FALSE,coli
2023-08-26,2,7.08,NA,55.86371340621608,10.243797539535674,309.07610449657574,0.97575,FALSE,coli
2023-08-27,24.2,7.42,NA,364.01287505260785,61.55344728274909,2274.9692772961284,0.62525,FALSE,coli
2023-08-28,41.7,16.24,NA,9906.397477013357,1049.224693114628,92929.52807430013,0.01625,FALSE,coli
2023-08-29,1.2,53.26,NA,6373.6079837195475,938.2749922062292,43493.8126965503,0.01825,FALSE,coli
2023-08-30,28,39.31,NA,17613.255117015815,2161.987096194023,147153.37574048445,0.00375,FALSE,coli
2023-08-31,9.1,46.83,NA,10185.944020191566,1386.7986240030114,74067.30160581194,0.0115,FALSE,coli
2024-06-01,0.7,5.05,NA,28.576979672802064,5.056504013233863,173.07008673102848,0.99175,FALSE,coli
2024-06-02,0.1,5.05,NA,28.9898242459068,5.023350718630465,167.2945214281605,0.9905,FALSE,coli
2024-06-03,0,5.85,NA,32.01803496054264,5.557428689561441,192.85949418760657,0.9895,FALSE,coli
2024-06-04,0,6.73,50,36.992001724522645,6.31797375445866,203.79089915120335,0.98625,TRUE,coli
2024-06-05,0,6.35,NA,36.69497264340303,6.245603797721973,213.0854856914053,0.99125,FALSE,coli
2024-06-06,0,5.8,NA,36.71934948290993,6.550905282403094,205.21153135812295,0.98975,FALSE,coli
2024-06-07,0,5.26,NA,34.08957205642166,5.750049378780178,183.65250933666698,0.99025,FALSE,coli
2024-06-08,0.9,5.04,NA,37.298020843894164,6.568567660706771,202.9238610460678,0.98825,FALSE,coli
2024-06-09,18.5,5.72,NA,180.33425087488104,28.895800932582468,1065.3613139109211,0.83325,FALSE,coli
2024-06-10,3,7.2,NA,183.3547229945878,33.45051128149147,1021.889411970076,0.84125,FALSE,coli
2024-06-11,0.3,8.1,290,148.06471362616998,25.86501744087745,823.6991872973088,0.88575,TRUE,coli
2024-06-12,0,7.75,NA,110.92777142195912,18.83935756742248,622.2212076910707,0.92975,FALSE,coli
2024-06-13,0,7.15,NA,91.53461156793708,16.915993517592394,509.44172086290655,0.947,FALSE,coli
2024-06-14,0,6.59,37,75.72755004186023,13.44617425868955,411.9364610898412,0.96475,TRUE,coli
2024-06-15,0,5.99,NA,66.44567354711582,11.530420940055956,373.09273231066163,0.969,FALSE,coli
2024-06-16,0,5.58,NA,60.94320980885306,10.868104908131452,338.6099266073332,0.97275,FALSE,coli
2024-06-17,1,5.32,NA,61.85568926167756,11.661335729456912,336.800071877678,0.9775,FALSE,coli
2024-06-18,0,5.14,NA,60.89732991286655,11.293770798918452,344.3591587276834,0.9745,FALSE,coli
2024-06-19,0,4.99,NA,59.26613360926671,10.134288922316331,334.79684392888447,0.9765,FALSE,coli
2024-06-20,0,4.63,33,55.685842053730596,9.448568100062719,321.54723358347286,0.978,TRUE,coli
2024-06-21,0,4.49,NA,55.10947511210443,9.640259553584619,301.44556014429276,0.98,FALSE,coli
2024-06-22,0,4.25,NA,53.2781753045452,9.227663315914203,298.2101996185182,0.97925,FALSE,coli
2024-06-23,0,4.23,NA,53.66216667867524,9.324842200264664,310.3155461247478,0.9765,FALSE,coli
2024-06-24,1.4,4.24,NA,60.99699082864484,10.418810357586521,336.4629518343579,0.9755,FALSE,coli
2024-06-25,0,4.27,550,59.9731285035231,10.595324496340956,323.04846226352726,0.97525,TRUE,coli
2024-06-26,0,4.06,NA,59.56891288956911,9.97604923669448,350.1080833579358,0.975,FALSE,coli
2024-06-27,0,3.95,NA,57.337341309738925,9.420926662373933,318.3371978605983,0.97975,FALSE,coli
2024-06-28,0.1,3.97,NA,59.29337555275831,10.0453227590822,340.35799487195953,0.973,FALSE,coli
2024-06-29,0,3.97,NA,59.60469290564101,10.73388043992043,322.39012743352635,0.9785,FALSE,coli
2024-06-30,0,3.77,NA,56.99891984533808,9.691398026452402,340.3795851307937,0.9765,FALSE,coli
2024-07-01,0,3.81,NA,58.895983321934956,10.871007481442453,327.91642407170394,0.9785,FALSE,coli
2024-07-02,0,3.81,160,57.58166138404923,10.611650453565755,325.2823278510112,0.978,TRUE,coli
2024-07-03,5.3,4.2,NA,95.78389818407581,15.89287702751437,555.4935362208417,0.94075,FALSE,coli
2024-07-04,0.2,4.73,NA,92.33952461655687,15.60680515136803,564.609403075192,0.94075,FALSE,coli
2024-07-05,11.7,4.79,NA,216.64303918498703,37.90477973397239,1216.5980075148395,0.797,FALSE,coli
2024-07-06,5.8,5.18,NA,262.662951106674,44.33843672931134,1549.8541895530182,0.7355,FALSE,coli
2024-07-07,1.8,5.01,NA,205.02139592260968,34.80163662691065,1140.1359775451804,0.816,FALSE,coli
2024-07-08,0,4.9,NA,150.01441506270015,27.054208786254165,829.3143229470909,0.8885,FALSE,coli
2024-07-09,0,4.35,210,111.709526020613,19.323887769190804,613.049880831285,0.9255,TRUE,coli
2024-07-10,0,4.35,NA,92.31577323177723,16.902157503265926,494.85696918884537,0.951,FALSE,coli
2024-07-11,5.9,4.79,NA,143.08067129495433,26.07367821388094,744.8951185979649,0.898,FALSE,coli
2024-07-12,0,5.02,NA,116.52486399287156,20.563703162279843,696.5628853234446,0.91675,FALSE,coli
2024-07-13,0,4.95,NA,99.32758059509419,18.503212919266225,573.0326219048849,0.9335,FALSE,coli
2024-07-14,9.1,4.84,NA,176.64179425273056,29.498367238028358,1039.4231079919984,0.841,FALSE,coli
2024-07-15,0.7,4.45,NA,127.04220239151357,21.719174111191798,705.6872938193113,0.9055,FALSE,coli
2024-07-16,0,3.95,NA,94.37949118224816,16.769738946465722,498.4845210674954,0.95,FALSE,coli
2024-07-17,1.7,3.83,190,88.43882256430693,15.695428636002354,503.8473627941034,0.9485,TRUE,coli
2024-07-18,2.3,3.98,NA,94.8229248031239,16.079056807102315,532.7655525587998,0.94375,FALSE,coli
2024-07-19,4.4,4.32,NA,123.99400718214386,20.497235267694546,683.9544509986284,0.9155,FALSE,coli
2024-07-20,2.2,5.3,NA,132.8924821566127,23.036630661558373,757.7818305189858,0.89925,FALSE,coli
2024-07-21,3.9,5.36,NA,151.74462452882005,27.667971636882278,849.4741754588227,0.8885,FALSE,coli
2024-07-22,0,5.78,NA,127.18671777519583,22.315469605375817,711.6859358355246,0.91,FALSE,coli
2024-07-23,0,5.37,NA,100.02782524303916,18.418999349910965,557.0265033828365,0.9375,FALSE,coli
2024-07-24,0,4.88,38,81.76233821529637,14.781192318509953,455.7633137507563,0.9585,TRUE,coli
2024-07-25,0,4.4,NA,71.01976915734816,12.46678630937368,426.616466739219,0.96075,FALSE,coli
2024-07-26,0,3.83,NA,60.967639087894376,10.437975295344462,358.8997365430921,0.9685,FALSE,coli
2024-07-27,0,3.69,NA,56.14893778415126,10.252508018487339,319.783991502195,0.98025,FALSE,coli
2024-07-28,0,3.44,NA,51.07502518478722,9.260197781369262,301.48182977712247,0.9795,FALSE,coli
2024-07-29,0,3.41,NA,49.96981842338364,8.597533250445748,299.8649641256131,0.97925,FALSE,coli
2024-07-30,0,3.34,NA,48.3289473535904,8.412552735544532,259.9764971802042,0.983,FALSE,coli
2024-07-31,0.9,3.32,16,51.7850841376696,9.11380627935144,306.60272829283826,0.97975,TRUE,coli
2024-08-01,0.7,3.39,NA,56.69183293495418,9.302474951688653,328.6379761546322,0.97575,FALSE,coli
2024-08-02,0.3,3.71,NA,57.373457298039355,10.080448403367274,309.51089084611374,0.97775,FALSE,coli
2024-08-03,5,3.92,NA,89.46622118791045,15.81502205686091,488.472190536315,0.95125,FALSE,coli
2024-08-04,4.3,4.84,NA,129.72877755575556,21.827370208873752,741.8114882597902,0.90825,FALSE,coli
2024-08-05,7.8,5.44,NA,220.0659497886775,38.671853594785816,1215.8621767564207,0.7945,FALSE,coli
2024-08-06,11.3,5.64,NA,400.3182179844903,63.67309148820928,2498.6699564718842,0.58425,FALSE,coli
2024-08-07,0,5.52,2400,247.68819391525034,43.537084033098274,1399.2974249052545,0.76,TRUE,coli
2024-08-08,0,5.23,440,166.78457377488454,28.988896232871692,974.03304913372,0.8575,TRUE,coli
2024-08-09,4.4,4.68,NA,170.8701546045531,29.78826646277988,933.5962479871447,0.85975,FALSE,coli
2024-08-10,5.2,5.65,NA,230.65734496088461,42.61247251703556,1282.8210352815966,0.7845,FALSE,coli
2024-08-11,0.7,6.6,NA,188.7749573223465,32.58270822724483,1115.583191606514,0.83075,FALSE,coli
2024-08-12,5.3,7.81,NA,259.649835443079,46.529225503020506,1381.1620694939688,0.7495,FALSE,coli
2024-08-13,0,7.57,NA,197.65558199811267,35.725834406671446,1105.0530795024931,0.82975,FALSE,coli
2024-08-14,0,7,120,145.81979099006335,25.59620618581449,873.4117452877315,0.8865,TRUE,coli
2024-08-15,0,6.32,NA,115.51385802788938,20.392313779193145,639.7789814874816,0.92225,FALSE,coli
2024-08-16,0,5.79,NA,96.31016357370507,16.48416022816342,543.380669740338,0.94175,FALSE,coli
2024-08-17,0,5.28,NA,81.29582470884475,13.463417055310417,487.74853279850555,0.95175,FALSE,coli
2024-08-18,0,4.79,NA,71.53386508359405,12.109918381428104,397.9656687951792,0.96525,FALSE,coli
2024-08-19,0,4.75,NA,69.93483286243922,12.437519976912526,402.01169626058186,0.96475,FALSE,coli
2024-08-20,0,4.61,NA,66.01679180632608,11.897592523441796,372.35799756672384,0.97025,FALSE,coli
2024-08-21,1.1,4.39,82,64.95966944485906,10.855457287245123,364.76422485127597,0.97025,TRUE,coli
2024-08-22,0,4.4,NA,61.329539265725664,10.99364723223384,334.69826167563843,0.976,FALSE,coli
2024-08-23,4.4,4.39,NA,85.4679565606568,15.299761254729612,484.04073885794605,0.95275,FALSE,coli
2024-08-24,0,4.73,NA,80.68045648132595,14.014052900373287,454.7065072110279,0.95675,FALSE,coli
2024-08-25,0,4.61,NA,69.62203456468343,11.993245119737505,376.04539643841775,0.9695,FALSE,coli
2024-08-26,0,4.53,NA,63.86842627500944,10.5363304043185,367.995692252554,0.972,FALSE,coli
2024-08-27,0,4.28,45,58.53888647118284,10.381201061567472,326.7422890532011,0.97425,TRUE,coli
2024-08-28,1,4.03,NA,56.27004636432533,8.957570861675924,334.1963422706758,0.97475,FALSE,coli
2024-08-29,0,3.89,NA,51.88793278134835,8.972810725915737,312.16380138579194,0.9775,FALSE,coli
2024-08-30,12.2,3.67,NA,127.32238454139046,19.841313874904806,814.2682348153957,0.90075,FALSE,coli
2024-08-31,6.3,4.87,NA,183.97931632054593,30.64954459446588,1091.8034940982043,0.83525,FALSE,coli
2025-06-01,0,4.57,NA,13.874762154040152,2.4581784967629132,83.83662429509592,0.99675,FALSE,coli
2025-06-02,5.8,4.52,NA,22.630886738680484,3.9226420006463827,135.30543411442457,0.993,FALSE,coli
2025-06-03,0,4.57,NA,19.67240795657393,3.412573609220553,122.34751787004761,0.995,FALSE,coli
2025-06-04,0.6,4.48,5,19.309235188354815,3.4052342720347126,132.55564344903712,0.996,TRUE,coli
2025-06-05,3.8,4.55,NA,25.797261704165173,4.39898791092844,147.86103574387502,0.992,FALSE,coli
2025-06-06,0.2,4.66,NA,23.332315150587952,4.083209084481503,137.59168412496007,0.99375,FALSE,coli
2025-06-07,0,4.83,NA,22.374147479237145,3.938612329212812,130.38917966221513,0.99325,FALSE,coli
2025-06-08,0,5.04,NA,22.292469514027736,3.90028416027285,134.59787604693264,0.99425,FALSE,coli
2025-06-09,11.5,5.09,NA,55.37589647982198,10.181586879881365,307.75560666682725,0.978,FALSE,coli
2025-06-10,0.1,5.35,NA,44.179829728390295,7.173764791736344,248.19988412878936,0.9875,FALSE,coli
2025-06-11,18.6,5.04,NA,162.5494418445891,26.840083139558256,1035.1787211853161,0.8575,FALSE,coli
2025-06-12,2.9,6.74,NA,141.92101588436418,24.036258038477474,822.3414174300104,0.8885,FALSE,coli
2025-06-13,0,7.78,NA,105.05937137843539,18.791445028619833,585.0666087095152,0.934,FALSE,coli
2025-06-14,0,7.53,NA,73.94860639902453,13.726580743232542,401.86587057341353,0.96675,FALSE,coli
2025-06-15,0,7.03,NA,57.45675014839598,10.921361288772603,320.2718383909169,0.97875,FALSE,coli
2025-06-16,2.6,6.18,NA,56.080080790373074,10.789375522610346,308.39335719572705,0.97925,FALSE,coli
2025-06-17,0.6,5.79,NA,46.64607233989609,8.586469175560296,243.58310683938456,0.98325,FALSE,coli
2025-06-18,9.9,6.21,51,100.45467725106201,19.685215597858804,523.2292436639982,0.94625,TRUE,coli
2025-06-19,13.8,8.39,NA,280.0465148395099,49.376431522372634,1574.9688557897593,0.715,FALSE,coli
2025-06-20,0,9.81,NA,190.95532474285383,32.61445452195549,1088.6734991186722,0.83425,FALSE,coli
2025-06-21,4.7,8.74,NA,173.79005869675396,32.5667719246403,890.8936265341225,0.8665,FALSE,coli
2025-06-22,0,8.56,NA,121.70448554448603,21.895920610400154,663.0723268438124,0.9185,FALSE,coli
2025-06-23,4.6,7.92,NA,128.54019102237882,22.95780778926017,679.3781261672035,0.91275,FALSE,coli
2025-06-24,13.1,8.77,66,301.4039595308908,53.22694011110658,1707.2034032527652,0.689,TRUE,coli
2025-06-25,0.9,16.19,NA,309.8674501749322,56.202324995811345,1691.3915375899144,0.7005,FALSE,coli
2025-06-26,0,20.24,NA,250.76754523977178,45.5747868600878,1365.259756223681,0.76,FALSE,coli
2025-06-27,7.3,17.07,NA,314.7307002054646,57.05464750186515,1709.6055718214839,0.67875,FALSE,coli
2025-06-28,1.5,15.72,NA,230.22625092576635,41.547694876308505,1294.9073399211513,0.79125,FALSE,coli
2025-06-29,8,16.77,NA,345.84506569073335,62.41984463726331,1877.616756266336,0.648,FALSE,coli
2025-06-30,0,25.16,NA,325.420880390925,59.798454701519105,1776.7244515605107,0.67475,FALSE,coli
2025-07-01,0,21.63,220,221.48540040057395,38.77886256409316,1317.7727391992273,0.7975,TRUE,coli
2025-07-02,0.2,17.51,NA,159.71647475151184,28.594129894802816,870.6389094981275,0.8765,FALSE,coli
2025-07-03,0,13.93,53,116.17826738090601,20.895694406429794,685.3214078665653,0.9185,TRUE,coli
2025-07-04,0,11.78,NA,94.12348787867636,17.683593721020358,517.9410308323714,0.9475,FALSE,coli
2025-07-05,11.4,10.15,NA,195.53089420046783,37.40358139806307,1104.8757257826906,0.83475,FALSE,coli
2025-07-06,7,11.8,NA,279.84484635268683,51.845136145996875,1589.3800704237185,0.7345,FALSE,coli
2025-07-07,40,18.08,NA,6294.2283274855845,835.9410057972941,43039.316225874485,0.02225,FALSE,coli
2025-07-08,0.1,30.22,2000,2893.1727110925476,485.29035894763507,17567.55699770818,0.05275,TRUE,coli
2025-07-09,0,40.03,2400,1480.2011811123248,263.7846360697862,8184.815547936563,0.14375,TRUE,coli
2025-07-10,0.6,29.5,NA,656.692058799745,118.41924901648774,3466.5721965437588,0.37875,FALSE,coli
2025-07-11,0,23.29,110,360.99005676635477,66.67507168807502,2088.799318090054,0.6385,TRUE,coli
2025-07-12,0.3,19.3,NA,230.51021601488435,42.07876942358163,1348.5647665381564,0.7895,FALSE,coli
2025-07-13,0,16.54,NA,161.32605863013507,30.03821028184065,881.62845643912,0.868,FALSE,coli
2025-07-14,0,14.86,NA,122.9490227147767,21.367039406553186,706.7387383388643,0.9085,FALSE,coli
2025-07-15,0,18.89,NA,127.5252876756218,22.033987377535016,743.9754680866112,0.9045,FALSE,coli
2025-07-16,0,24.73,NA,138.08692357387446,23.46749162541138,789.6136885982719,0.8855,FALSE,coli
2025-07-17,0,19.18,NA,108.55345731485656,18.344085457857616,665.2757983903193,0.92,FALSE,coli
2025-07-18,0,15.57,NA,88.85554020706886,15.555517633422054,563.8044671117506,0.9395,FALSE,coli
2025-07-19,0,12.15,NA,72.28089239661678,13.26210835117754,413.93540692524874,0.96575,FALSE,coli
2025-07-20,0,10.26,NA,62.24876232144552,10.400958377804692,363.845922106447,0.969,FALSE,coli
2025-07-21,4.8,9,NA,80.85742459288316,14.433581571295507,453.1694096798235,0.957,FALSE,coli
2025-07-22,0,9.37,870,71.15271286766021,12.418486468939058,404.85104231490345,0.96325,TRUE,coli
2025-07-23,0,9.1,920,65.34192509880383,11.644357769463022,360.8876700534262,0.97275,TRUE,coli
2025-07-24,0,8.62,NA,58.44619935302231,9.797876014715802,341.09796420153856,0.97425,FALSE,coli
2025-07-25,0,8.18,NA,54.3312247206229,9.761228054140838,326.509220529461,0.9775,FALSE,coli
2025-07-26,0,7.53,NA,48.656680497038096,8.681861162051774,281.45360114378036,0.98125,FALSE,coli
2025-07-27,0,6.92,NA,46.234562852558305,8.819307069337611,270.05188515504625,0.9855,FALSE,coli
2025-07-28,0,6.55,31,41.70487796358337,7.761525477063325,241.1505623252339,0.986,TRUE,coli
2025-07-29,0,6.25,NA,40.96205311085416,6.997764100758009,229.02520861889542,0.98775,FALSE,coli
2025-07-30,0,5.92,NA,40.407873044367705,7.777063081625309,226.68393239297913,0.989,FALSE,coli
2025-07-31,0,5.5,NA,37.28494881145825,6.5223353073260935,216.8028756190654,0.98825,FALSE,coli
2025-08-01,12.6,5.08,NA,97.5000719828631,17.849829049848438,583.927948691739,0.93725,FALSE,coli
2025-08-02,0,8.82,NA,110.75192449160754,19.810711648339606,620.3988777708357,0.92925,FALSE,coli
2025-08-03,0,18.83,NA,151.73354219829275,27.1265555105307,862.3954792609405,0.8775,FALSE,coli
2025-08-04,9.8,12.8,NA,235.60563073790627,43.24625464543301,1349.071695719065,0.77675,FALSE,coli
2025-08-05,3.2,10.9,290,183.05610270586797,33.86096965759766,968.2458138460825,0.8445,TRUE,coli
2025-08-06,38.4,10.02,NA,2874.678390841115,378.3464707992251,20575.26210641022,0.078,FALSE,coli
2025-08-07,0,8.89,NA,905.6397338012964,157.92404319218306,5777.939070153537,0.291,FALSE,coli
2025-08-08,7.5,8.49,NA,724.9185101714029,119.95973547083383,4670.683647903868,0.35775,FALSE,coli
2025-08-09,0,9.1,NA,356.222331075598,62.63535031173565,2084.693882816424,0.64275,FALSE,coli
2025-08-10,0,7.99,NA,187.5924511726093,32.29655105461202,1059.4597333973036,0.838,FALSE,coli
2025-08-11,5.9,7.38,NA,202.81433714676643,36.236824867853144,1110.8076413866415,0.821,FALSE,coli
2025-08-12,1.2,7.24,NA,146.03108415769768,25.335867094406876,831.0069400534193,0.8895,FALSE,coli
2025-08-13,0,6.69,NA,101.67316297192535,18.73488450156174,585.506127668978,0.937,FALSE,coli
2025-08-14,0,6.27,NA,75.05942556949341,13.822006692750188,383.13371244062085,0.969,FALSE,coli
2025-08-15,2.6,5.91,NA,77.59834843091107,13.44434712903216,415.5042939165336,0.96475,FALSE,coli
2025-08-16,0,5.92,NA,65.18657516607975,11.730935458688272,371.019504124613,0.96925,FALSE,coli
2025-08-17,0,5.73,NA,55.041476398606406,9.41089528710244,319.4529593054702,0.973,FALSE,coli
2025-08-18,0,5.38,NA,48.39217490377,8.807204748363844,275.35425270580083,0.9815,FALSE,coli
2025-08-19,0,5.18,56,43.89554959781218,8.189721951125458,241.81849405181345,0.987,TRUE,coli
2025-08-20,0,4.84,NA,39.65101009479685,7.205731116877529,230.73049017250705,0.98525,FALSE,coli
2025-08-21,0.5,4.48,NA,35.74954684902926,6.31395752256324,202.77605621909242,0.989,FALSE,coli
2025-08-22,0,4.28,NA,33.408282347493824,6.076063268109377,190.7371160152947,0.9895,FALSE,coli
2025-08-23,0,4.19,NA,31.66387050202058,5.139649837591789,183.14775744394797,0.99125,FALSE,coli
2025-08-24,2.9,4.17,NA,37.864427065341246,6.765521142369017,209.21532121504876,0.988,FALSE,coli
2025-08-25,0.4,4.55,NA,39.34455082020183,6.914492128844599,247.84683768334972,0.9865,FALSE,coli
2025-08-26,0,4.45,50,36.24444633994052,6.1220878746974705,212.6491139381704,0.98825,TRUE,coli
2025-08-27,0,4.8,NA,34.785654467891725,6.0509012142768706,210.78946550349784,0.98625,FALSE,coli
2025-08-28,0,4.43,NA,30.71271496414207,5.266729424225322,183.18138909105858,0.98775,FALSE,coli
2025-08-29,10.6,4.2,NA,68.40187055775903,11.666447888956217,421.30945946351875,0.9635,FALSE,coli
2025-08-30,0.6,4.75,NA,60.20748547780392,9.79315642546534,370.9247174998423,0.96925,FALSE,coli
2025-08-31,1.9,4.72,NA,56.293067088654695,9.622446225332807,353.4527751553565,0.972,FALSE,coli
2026-06-01,0,3.86,NA,14.075596715293448,2.2761878157463484,80.79862045253368,0.99675,FALSE,coli
2026-06-02,0,3.64,NA,13.441264364837291,2.1995976462260995,83.53805866481515,0.99625,FALSE,coli
2026-06-03,0,3.53,5,13.877963878224355,2.442589068825624,81.30466423612994,0.999,TRUE,coli
2026-06-03,0,3.53,11,13.7919711344624,2.4915437419417303,79.38730226572467,0.99725,TRUE,coli
2026-06-04,0,3.47,NA,14.175143322033513,2.5107085340201216,80.16157582153183,0.99625,FALSE,coli
2026-06-05,7,3.47,NA,26.797439388193357,4.745516085455432,156.7408957107795,0.993,FALSE,coli
2026-06-06,6,3.86,NA,40.881751418054684,6.971299722703224,238.64250411892445,0.98625,FALSE,coli
2026-06-07,0,4.25,NA,35.958364310437354,6.384062236372159,205.80544350109346,0.98875,FALSE,coli
2026-06-08,0,3.86,NA,28.18777130236837,5.349227806456512,167.6438302887491,0.99325,FALSE,coli
2026-06-09,7.4,3.8,NA,47.62054455408662,8.621528427009297,273.48163848821866,0.98075,FALSE,coli
2026-06-10,0,3.71,NA,36.03896875711472,6.286497812778065,196.2729636111252,0.99075,FALSE,coli
2026-06-11,8.3,3.38,NA,56.04945622950839,9.075534914108086,348.198598418417,0.97375,FALSE,coli
2026-06-12,0,5.02,200,58.47899876749118,10.710315876536944,324.92419869519233,0.97725,TRUE,coli
2026-06-13,18.5,5.24,NA,223.94553961682695,36.499519771959264,1383.238239513465,0.78175,FALSE,coli
2026-06-14,0,9.76,NA,197.56220910072636,34.54709484678787,1118.683728896681,0.82775,FALSE,coli
2026-06-15,6,10.64,NA,234.2972826353142,41.779093503563004,1344.3346285845053,0.77975,FALSE,coli
2026-06-16,0.2,9.6,220,147.14662246556648,26.690082415790396,824.7719073691613,0.8865,TRUE,coli
2026-06-16,0.2,9.6,210,146.7716144420671,27.111067098325737,807.72358651369,0.89075,TRUE,coli
2026-06-17,11,9.55,NA,273.25162576398907,46.949700804872684,1592.3580190655105,0.729,FALSE,coli
2026-06-18,0,9.98,NA,179.61281159662903,33.74990043186757,1033.3416944382298,0.84925,FALSE,coli
2026-06-19,0,9.11,NA,122.55221012295587,22.56613184526669,638.6912190460733,0.9245,FALSE,coli
2026-06-20,0,7.67,NA,91.60166733464675,16.30196188037775,502.78962805043403,0.94975,FALSE,coli
2026-06-21,0,6.32,NA,67.7174512242657,12.098136584689009,358.1218964657784,0.97125,FALSE,coli
2026-06-22,0,5.44,NA,53.751067169409694,9.80719803048129,280.0645142458704,0.98125,FALSE,coli
2026-06-23,2.4,4.81,35,57.27470945877758,10.77871508255601,321.8358830619104,0.9785,TRUE,coli
2026-06-24,1.4,5.18,NA,61.22682148825466,11.374229849505172,338.03443927300384,0.97625,FALSE,coli
2026-06-25,2.2,5.85,NA,74.3161739476585,13.923303928099847,367.5769837840348,0.9695,FALSE,coli
2026-06-26,2.5,5.89,NA,79.5284164245121,15.167798306236822,444.0306197365612,0.95925,FALSE,coli
2026-06-27,0,5.43,NA,66.76169495815434,12.30145509377924,364.63906303900836,0.972,FALSE,coli
2026-06-28,1.4,4.82,NA,62.95014585218615,11.593169316903667,359.0233387961083,0.972,FALSE,coli
2026-06-29,0,4.7,NA,55.1200097652659,10.048337663476405,303.8082630486329,0.981,FALSE,coli
2026-06-30,0,4.41,NA,50.883399354574046,9.099202488732109,278.95267654676917,0.98275,FALSE,coli
2026-07-01,1.2,4.16,110,49.34521519455775,8.850957064323303,272.1445475991503,0.9835,TRUE,coli
2026-07-02,4.8,4.16,NA,70.01290176256208,12.539954674388978,386.8467133228347,0.96775,FALSE,coli
2026-07-03,0.1,4.22,NA,61.90033908542657,11.727445418609255,342.11331005264856,0.97525,FALSE,coli
2026-07-04,8.4,4.95,NA,118.2353738974835,22.117743905012702,610.5181301905891,0.924,FALSE,coli
2026-07-05,7.8,7.09,NA,222.49887714578765,40.76581113540136,1223.6830017814282,0.7965,FALSE,coli
2026-07-06,13.4,14.1,NA,754.3501451403068,137.8858741770962,4072.7760012732074,0.33975,FALSE,coli
2026-07-07,4.9,16.92,NA,733.16131000584,133.11616731879576,3952.5151953198206,0.34725,FALSE,coli
2026-07-08,0.5,21.4,410,519.4494119958193,99.28615790468073,3022.8083420189805,0.487,TRUE,coli
2026-07-09,1.8,18.42,NA,358.6698601059502,65.61426046131294,1970.8753647135318,0.62725,FALSE,coli
2026-07-10,0,14.99,120,233.38159369518806,41.70329194686076,1306.4465921452359,0.7815,TRUE,coli
2026-07-11,0,12.5,NA,156.47570907873063,29.223886517504862,832.2350926433534,0.883,FALSE,coli
2026-07-12,0,16.74,NA,166.5440088564279,29.861483264344493,937.37401742816985,0.864,FALSE,coli
2026-07-13,0,20.34,NA,163.13871549505524,28.277904976389966,950.5019511868803,0.85975,FALSE,coli
2026-07-14,0,15.55,NA,125.50796750341148,22.073990739904346,729.4604185605195,0.91,FALSE,coli
2026-07-15,0,12.11,150,98.71669134629205,18.022880491744058,537.451353748226,0.94225,TRUE,coli
2026-07-16,0,10.67,NA,85.70084039967361,15.464575314998978,497.10463678544886,0.95025,FALSE,coli
2026-07-17,0,9.29,NA,73.44714274371806,13.132300087475413,442.3708100858223,0.95725,FALSE,coli
2026-07-18,1.1,8.59,NA,73.64488967522145,13.487461609020858,433.0770529267572,0.95975,FALSE,coli
2026-07-19,0,8.59,NA,68.8484890987499,11.986380556255442,403.10376996247834,0.96625,FALSE,coli
2026-07-20,0,8.09,NA,64.25274372448938,11.006625394416123,390.67378387937555,0.966,FALSE,coli
2026-07-21,1.5,7.56,NA,68.49473350059313,11.776867874294515,407.07416050641496,0.965,FALSE,coli
2026-07-22,0.3,6.85,150,61.20381667319523,11.060349342138641,360.9501465459197,0.9705,TRUE,coli
2026-07-23,1.3,6.46,NA,61.93092885362794,11.09523479495172,361.4285582243166,0.97225,FALSE,coli
2026-07-24,0,6.41,NA,57.61858368555302,10.55461647741544,311.1533413052354,0.97525,FALSE,coli
2026-07-25,3.4,5.77,NA,64.02745288533208,10.960499664292557,344.1656320433367,0.976,FALSE,coli
2026-07-26,1.8,5.29,NA,64.17779396506108,11.388483955997916,381.09989779181103,0.969,FALSE,coli
2026-07-27,6,4.97,NA,88.92066169780001,16.1474313231728,498.5858011070863,0.95025,FALSE,coli
2026-07-28,3.5,5.48,NA,101.58011369201473,17.56469462915355,598.7332398498413,0.9325,FALSE,coli
2026-07-29,0,5.26,NA,77.48051328463572,14.0723534975836,431.35157193507337,0.96225,FALSE,coli
2026-07-30,0,4.87,NA,63.31239570311947,11.717031588444346,349.04374241969145,0.974,FALSE,coli
2026-07-31,6.4,4.77,NA,93.0433403956284,16.44698503260755,519.2981025968713,0.948,FALSE,coli
2026-08-01,0,5.39,NA,81.2628706604573,14.65431969980917,453.321868667647,0.95625,FALSE,coli
2026-08-02,0,4.79,NA,65.51974077151641,12.135841872227225,382.4572621020844,0.96675,FALSE,coli
2026-08-03,0,4.35,NA,51.49805810868385,9.104522156408784,294.7097748080715,0.981,FALSE,coli
2026-08-04,0,4.15,42,47.22330248435477,8.919398358439736,259.8642919196723,0.98475,TRUE,coli
2026-08-05,0,3.9,NA,43.86846444473171,7.9105571835658655,268.6461900797315,0.98275,FALSE,coli
2026-08-06,0,3.84,NA,40.62002955677266,7.177370776565537,233.9766107333119,0.9875,FALSE,coli
2026-08-07,0,3.33,NA,35.9457889399143,6.613897051124924,208.32146065404203,0.98975,FALSE,coli
2026-08-08,0,3.19,NA,35.02915141183614,6.081845347972802,189.38317587108398,0.98975,FALSE,coli
2026-08-09,0,2.91,NA,31.852975268275976,5.579900470899901,179.27827817263025,0.9915,FALSE,coli
2026-08-10,6.9,2.85,NA,52.18001354896224,9.593982674111853,287.2989371117457,0.9815,FALSE,coli
2026-08-11,2,4.18,NA,70.86276075063505,12.362885537779817,399.7423863391342,0.964,FALSE,coli
2026-08-12,0,3.74,NA,54.71753129874115,10.031480489124213,307.3145613655911,0.979,FALSE,coli
2026-08-13,0,3.32,NA,45.28770147329294,7.902645607380444,257.76772925536307,0.982,FALSE,coli
2026-08-14,0.2,3.23,NA,40.55235055587616,7.204462324055411,232.35937535004996,0.98425,FALSE,coli
2026-08-15,1.6,3.26,NA,43.62548395409403,7.408416277992804,246.43671178549405,0.983,FALSE,coli
2026-08-16,0,3.23,NA,39.25513991067772,6.797107005637017,231.37394528175528,0.986,FALSE,coli
2026-08-17,2.5,3.3,NA,46.92317408102865,7.9424658388377125,266.49201656424503,0.98225,FALSE,coli
2026-08-18,0,3.28,36,41.57942567010226,8.07749871750537,228.18752525450387,0.9885,TRUE,coli
2026-08-19,0,3.28,NA,38.440911327515906,6.463794881843818,218.16541498555756,0.98875,FALSE,coli
2026-08-20,5.2,3.27,NA,53.186401734952355,9.142981002718235,296.36230891894087,0.97875,FALSE,coli
2026-08-21,1.9,3.69,NA,60.50272244307841,10.264124071582112,310.84180475000693,0.979,FALSE,coli
2026-08-22,18.6,4.22,NA,235.11252709386818,35.88061796465758,1423.6768193577204,0.759,FALSE,coli
2026-08-23,0.3,8.78,NA,240.1400992130023,40.79219488103821,1338.614871923355,0.7775,FALSE,coli
2026-08-24,2.5,10.66,NA,222.6809221994405,37.635063147076544,1223.6087283585232,0.791,FALSE,coli
